Date,Mkt-RF,SMB,HML,RMW,CMA,RF,Mom
2016-01-04,-1.59,-0.77,0.52,0.35,0.42,0.00,-1.93
2016-01-05,0.13,-0.22,0.00,0.08,0.28,0.00,0.66
2016-01-06,-1.34,-0.23,0.01,0.13,0.02,0.00,1.87
2016-01-07,-2.44,-0.28,0.08,0.50,0.39,0.00,0.84
2016-01-08,-1.11,-0.52,-0.03,0.24,0.06,0.00,-0.09
2016-01-11,-0.06,-0.62,0.40,0.64,0.44,0.00,1.57
2016-01-12,0.72,-0.49,-0.78,-0.10,-0.34,0.00,1.02
2016-01-13,-2.66,-0.59,0.80,0.41,0.73,0.00,0.13
2016-01-14,1.65,-0.04,-0.41,-0.59,-0.45,0.00,-0.65
2016-01-15,-2.13,0.41,-0.22,0.36,0.35,0.00,0.35
2016-01-19,-0.19,-1.37,-0.07,0.35,0.26,0.00,1.60
2016-01-20,-0.94,1.70,-1.26,0.08,-0.57,0.00,-0.12
2016-01-21,0.45,-0.48,-0.01,0.49,0.64,0.00,-2.60
2016-01-22,2.08,0.12,-0.19,-0.48,-0.73,0.00,-0.14
2016-01-25,-1.70,-0.53,-0.98,0.35,-0.04,0.00,1.57
2016-01-26,1.52,0.62,1.18,0.64,0.71,0.00,-1.94
2016-01-27,-1.11,-0.40,1.70,-0.19,1.09,0.00,-0.46
2016-01-28,0.49,-0.56,1.26,-0.29,-0.48,0.00,0.46
2016-01-29,2.57,0.61,0.42,0.00,0.49,0.00,-1.20
2016-02-01,-0.04,-0.31,-1.00,0.08,-0.41,0.00,0.31
2016-02-02,-2.00,-0.15,-0.36,0.28,0.35,0.00,1.25
2016-02-03,0.46,-0.23,0.45,0.41,0.36,0.00,-2.44
2016-02-04,0.27,0.30,0.35,0.23,0.14,0.00,-2.04
2016-02-05,-2.06,-0.70,1.63,1.01,1.39,0.00,-0.77
2016-02-08,-1.51,0.15,0.82,1.69,0.91,0.00,1.10
2016-02-09,-0.08,-0.55,-0.29,-0.03,0.02,0.00,1.76
2016-02-10,0.01,-0.21,-0.55,-0.29,-0.78,0.00,0.64
2016-02-11,-1.17,0.28,-1.47,0.38,-0.38,0.00,0.55
2016-02-12,1.98,-0.25,1.08,-0.40,0.35,0.00,-1.31
2016-02-16,1.78,0.51,-0.52,-0.02,-0.28,0.00,-1.36
2016-02-17,1.74,-0.14,-0.65,-0.39,-0.46,0.00,-2.27
2016-02-18,-0.51,-0.02,0.22,0.39,0.53,0.00,0.18
2016-02-19,0.06,0.29,-0.58,-0.65,-0.39,0.00,1.41
2016-02-22,1.43,-0.19,0.26,0.25,-0.25,0.00,-1.59
2016-02-23,-1.21,0.37,-0.50,0.76,0.46,0.00,1.49
2016-02-24,0.54,0.65,-0.29,-0.03,0.10,0.00,-0.21
2016-02-25,1.10,-0.45,0.22,-0.06,-0.25,0.00,0.43
2016-02-26,-0.02,0.86,0.29,-0.56,0.03,0.00,-1.98
2016-02-29,-0.69,0.70,0.25,0.15,0.43,0.00,-0.88
2016-03-01,2.34,-0.66,0.39,-0.59,-0.59,0.00,-0.15
2016-03-02,0.54,0.60,0.68,-0.71,-0.13,0.00,-2.50
2016-03-03,0.50,0.58,0.65,0.28,0.37,0.00,-1.92
2016-03-04,0.37,0.34,0.28,0.10,0.06,0.00,-0.98
2016-03-07,0.21,1.31,0.55,-0.48,0.44,0.00,-2.38
2016-03-08,-1.27,-1.28,-0.47,0.66,0.14,0.00,3.60
2016-03-09,0.50,0.10,0.40,0.24,0.15,0.00,-0.10
2016-03-10,-0.10,-0.77,0.62,0.31,0.20,0.00,0.53
2016-03-11,1.69,0.31,0.23,-0.42,-0.35,0.00,-1.94
2016-03-14,-0.12,-0.16,-0.90,-0.02,-0.25,0.00,-0.06
2016-03-15,-0.35,-1.47,0.69,0.43,0.10,0.00,2.08
2016-03-16,0.63,0.11,-0.09,0.59,-0.05,0.00,-1.18
2016-03-17,0.71,0.96,0.59,0.12,0.69,0.00,-0.93
2016-03-18,0.54,0.45,-0.14,-0.23,0.19,0.00,-0.89
2016-03-21,0.10,-0.29,-0.32,-0.09,-0.33,0.00,-0.13
2016-03-22,-0.05,-0.09,-0.45,-0.31,-0.26,0.00,-0.06
2016-03-23,-0.85,-1.20,-0.16,0.68,0.01,0.00,3.10
2016-03-24,0.00,0.44,-0.06,0.05,0.00,0.00,-0.51
2016-03-28,0.04,-0.03,0.16,-0.04,0.24,0.00,0.85
2016-03-29,1.07,1.67,-1.19,0.20,-0.58,0.00,-0.18
2016-03-30,0.41,-0.27,0.16,-0.07,0.05,0.00,0.09
2016-03-31,-0.11,0.42,-0.49,-0.11,-0.12,0.00,-1.00
2016-04-01,0.64,-0.34,-0.63,-0.38,-0.16,0.00,1.08
2016-04-04,-0.41,-0.29,-0.78,-0.25,-0.20,0.00,0.55
2016-04-05,-0.94,-0.18,-0.38,0.09,0.17,0.00,0.18
2016-04-06,1.14,0.09,-0.76,-0.54,-0.65,0.00,-1.40
2016-04-07,-1.23,-0.10,-0.38,-0.01,0.19,0.00,0.30
2016-04-08,0.29,0.13,0.68,0.37,0.31,0.00,-0.58
2016-04-11,-0.28,-0.01,0.95,0.00,0.31,0.00,0.03
2016-04-12,0.99,0.01,0.87,0.03,-0.12,0.00,-1.44
2016-04-13,1.23,0.98,0.38,-0.48,-0.36,0.00,-1.35
2016-04-14,0.03,-0.24,0.14,-0.35,-0.12,0.00,-0.11
2016-04-15,-0.04,0.30,-0.34,0.23,0.15,0.00,0.42
2016-04-18,0.65,0.15,-0.19,-0.16,-0.07,0.00,-0.29
2016-04-19,0.28,-0.19,1.48,-0.20,0.36,0.00,-0.61
2016-04-20,0.15,-0.01,0.58,-0.29,-0.12,0.00,-1.11
2016-04-21,-0.48,-0.02,-0.60,-0.60,-0.34,0.00,-0.88
2016-04-22,0.12,1.03,0.51,-0.08,0.93,0.00,-1.27
2016-04-25,-0.24,-0.66,-0.18,0.10,-0.17,0.00,1.37
2016-04-26,0.29,0.82,0.81,0.30,0.60,0.00,-0.85
2016-04-27,0.21,0.19,0.70,-0.18,0.75,0.00,-0.68
2016-04-28,-0.96,-0.19,-0.02,-0.48,0.56,0.00,0.71
2016-04-29,-0.50,-0.21,0.36,0.06,-0.25,0.00,0.71
2016-05-02,0.78,0.00,-0.38,0.03,-0.12,0.00,0.94
2016-05-03,-1.05,-0.73,-0.45,0.53,0.04,0.00,1.64
2016-05-04,-0.66,-0.16,0.05,0.51,0.26,0.00,1.27
2016-05-05,-0.08,-0.52,0.06,0.13,-0.01,0.00,0.23
2016-05-06,0.38,0.06,0.24,0.18,0.25,0.00,0.21
2016-05-09,0.05,0.21,-1.46,0.13,-0.49,0.00,0.91
2016-05-10,1.26,-0.37,0.50,-0.15,0.05,0.00,-0.69
2016-05-11,-0.89,-0.32,0.79,-0.39,0.03,0.00,0.38
2016-05-12,-0.11,-0.62,0.14,0.36,0.07,0.00,1.12
2016-05-13,-0.82,0.29,-0.67,-0.55,-0.18,0.00,0.20
2016-05-16,0.99,0.21,-0.23,-0.10,-0.30,0.00,-0.72
2016-05-17,-0.95,-0.71,0.61,-0.14,-0.11,0.00,-1.51
2016-05-18,0.10,0.18,0.89,-1.33,-0.63,0.00,0.30
2016-05-19,-0.32,-0.34,-0.26,0.36,-0.02,0.00,0.22
2016-05-20,0.75,0.85,-0.26,-0.40,-0.36,0.00,-1.19
2016-05-23,-0.19,0.24,-0.32,-0.23,0.10,0.00,-0.43
2016-05-24,1.43,0.63,-0.35,-0.10,-0.38,0.00,0.08
2016-05-25,0.71,-0.12,0.56,0.22,-0.08,0.00,-1.59
2016-05-26,-0.04,-0.16,-0.53,0.15,-0.23,0.00,0.54
2016-05-27,0.48,0.36,-0.17,-0.12,-0.10,0.00,-0.21
2016-05-31,-0.01,0.46,-0.37,-0.20,-0.32,0.00,-0.61
2016-06-01,0.20,0.63,-0.21,-0.28,0.06,0.00,-0.03
2016-06-02,0.35,0.26,-0.58,-0.20,-0.04,0.00,-0.60
2016-06-03,-0.38,-0.21,-0.07,0.52,0.14,0.00,0.67
2016-06-06,0.60,0.72,0.31,-0.18,-0.08,0.00,-1.31
2016-06-07,0.12,0.21,0.10,0.36,0.23,0.00,0.00
2016-06-08,0.37,0.43,-0.09,0.03,-0.08,0.00,0.55
2016-06-09,-0.27,-0.44,-0.24,0.33,0.12,0.00,1.15
2016-06-10,-1.05,-0.39,-0.18,0.18,0.61,0.00,1.52
2016-06-13,-0.84,-0.36,0.12,-0.22,-0.01,0.00,0.30
2016-06-14,-0.19,0.14,-0.72,0.33,0.03,0.00,0.73
2016-06-15,-0.11,0.23,-0.03,-0.09,0.02,0.00,-0.59
2016-06-16,0.24,-0.32,-0.44,0.25,0.31,0.00,0.44
2016-06-17,-0.30,0.07,0.95,0.42,0.62,0.00,-1.02
2016-06-20,0.71,0.60,0.01,-0.18,0.10,0.00,-0.37
2016-06-21,0.21,-0.61,0.51,-0.19,-0.01,0.00,0.45
2016-06-22,-0.20,-0.31,0.07,0.10,-0.01,0.00,0.12
2016-06-23,1.45,0.56,0.47,-0.56,-0.18,0.00,-1.08
2016-06-24,-3.69,0.02,-1.21,0.98,0.07,0.00,2.04
2016-06-27,-2.06,-1.06,-0.72,0.62,0.43,0.00,2.77
2016-06-28,1.76,-0.37,0.16,-0.63,-0.57,0.00,-1.44
2016-06-29,1.79,0.31,-0.04,-0.13,-0.26,0.00,-0.92
2016-06-30,1.42,0.39,0.42,-0.11,0.38,0.00,0.63
2016-07-01,0.24,0.46,-0.43,-0.07,0.23,0.00,-0.95
2016-07-05,-0.84,-0.83,-1.38,0.61,-0.71,0.00,1.94
2016-07-06,0.62,0.18,-0.12,-0.05,-0.15,0.00,-0.43
2016-07-07,0.02,0.32,-0.18,0.14,-0.27,0.00,-0.57
2016-07-08,1.59,0.97,0.33,0.02,0.29,0.00,-0.61
2016-07-11,0.42,0.68,0.28,0.32,-0.11,0.00,-0.22
2016-07-12,0.75,0.74,0.98,-0.58,0.65,0.00,-1.52
2016-07-13,-0.04,-0.46,0.48,0.51,-0.01,0.00,0.86
2016-07-14,0.51,-0.41,0.46,-0.01,0.02,0.00,-0.61
2016-07-15,-0.05,0.29,0.01,-0.29,-0.01,0.00,-0.13
2016-07-18,0.24,0.01,-0.14,0.04,-0.22,0.00,-0.70
2016-07-19,-0.22,-0.64,0.04,0.45,-0.24,0.00,0.63
2016-07-20,0.48,0.39,-0.89,-0.05,-0.35,0.00,-0.80
2016-07-21,-0.38,-0.06,-0.03,0.15,0.04,0.00,-0.31
2016-07-22,0.48,0.28,-0.13,0.40,-0.26,0.00,0.33
2016-07-25,-0.27,-0.05,-0.23,0.44,-0.41,0.00,-0.08
2016-07-26,0.13,0.61,0.54,-0.53,0.75,0.00,-0.26
2016-07-27,-0.14,0.50,-0.43,-0.14,-0.56,0.00,-0.88
2016-07-28,0.19,-0.52,-0.33,-0.11,-0.13,0.00,0.19
2016-07-29,0.17,-0.05,0.03,-0.02,0.35,0.00,0.19
2016-08-01,-0.16,0.07,-0.90,0.47,-0.75,0.00,-0.07
2016-08-02,-0.70,-0.61,0.17,-0.42,0.13,0.00,0.44
2016-08-03,0.45,0.60,0.80,-0.70,0.15,0.00,-1.55
2016-08-04,0.05,0.07,-0.38,0.17,0.07,0.00,0.50
2016-08-05,0.92,0.55,1.00,-0.57,-0.33,0.00,-1.34
2016-08-08,-0.06,0.11,0.50,0.06,0.44,0.00,-0.45
2016-08-09,0.05,-0.07,-0.28,-0.20,-0.23,0.00,0.44
2016-08-10,-0.29,-0.47,-0.18,0.62,0.03,0.00,0.80
2016-08-11,0.54,0.15,0.03,-0.32,0.21,0.00,-0.73
2016-08-12,-0.06,0.13,-0.17,-0.14,-0.26,0.00,-0.28
2016-08-15,0.38,0.81,0.39,-0.27,0.39,0.00,-1.05
2016-08-16,-0.57,-0.21,0.58,-0.12,0.32,0.00,-0.35
2016-08-17,0.12,-0.51,0.24,0.01,0.07,0.00,0.41
2016-08-18,0.32,0.49,0.34,-0.46,0.36,0.00,0.04
2016-08-19,-0.11,0.07,-0.13,0.22,-0.12,0.00,-0.25
2016-08-22,-0.02,0.23,-0.40,0.01,-0.39,0.00,0.25
2016-08-23,0.26,0.55,-0.01,-0.02,0.06,0.00,-0.43
2016-08-24,-0.55,-0.45,0.37,0.42,-0.08,0.00,0.38
2016-08-25,-0.08,0.21,0.48,-0.26,0.29,0.00,0.41
2016-08-26,-0.15,0.11,-0.08,-0.39,-0.21,0.00,-0.44
2016-08-29,0.53,0.00,0.34,-0.08,0.19,0.00,-0.17
2016-08-30,-0.14,0.22,0.28,-0.12,-0.33,0.00,-0.45
2016-08-31,-0.24,-0.35,0.15,0.25,-0.37,0.00,0.22
2016-09-01,0.03,0.05,-0.51,0.10,-0.14,0.00,0.64
2016-09-02,0.53,0.43,0.36,-0.15,0.21,0.00,0.02
2016-09-06,0.27,0.03,-0.55,-0.60,-0.04,0.00,-0.04
2016-09-07,0.09,0.61,0.02,-0.05,-0.23,0.00,-0.64
2016-09-08,-0.18,0.04,0.59,-0.84,0.39,0.00,-0.60
2016-09-09,-2.46,-0.57,0.43,0.00,-0.44,0.00,-0.19
2016-09-12,1.44,-0.04,-0.44,-0.15,-0.19,0.00,-0.21
2016-09-13,-1.48,-0.31,-0.43,0.55,-0.71,0.00,0.20
2016-09-14,-0.08,0.05,-0.81,0.09,-0.48,0.00,0.37
2016-09-15,1.07,0.30,-0.32,0.07,-0.18,0.00,0.08
2016-09-16,-0.36,0.29,-0.44,0.21,-0.19,0.00,0.10
2016-09-19,0.05,0.51,0.15,-0.09,0.35,0.00,0.03
2016-09-20,-0.01,-0.35,-0.40,-0.55,-0.11,0.00,-0.03
2016-09-21,1.12,0.21,0.33,-0.37,0.53,0.00,0.59
2016-09-22,0.70,0.81,-0.06,0.08,0.13,0.00,-0.19
2016-09-23,-0.59,-0.05,-0.20,0.52,-0.52,0.00,-0.35
2016-09-26,-0.88,-0.30,-0.36,-0.15,0.19,0.00,0.40
2016-09-27,0.64,-0.13,-0.49,-0.04,-0.39,0.00,0.01
2016-09-28,0.56,0.23,1.10,-0.90,1.14,0.00,0.30
2016-09-29,-0.98,-0.39,0.50,0.27,0.68,0.00,0.38
2016-09-30,0.88,0.43,0.34,-0.19,0.09,0.00,-0.36
2016-10-03,-0.26,-0.03,-0.14,0.05,0.16,0.00,-0.08
2016-10-04,-0.45,0.06,0.14,0.11,-0.32,0.00,-0.52
2016-10-05,0.58,0.42,0.80,-0.49,0.44,0.00,-0.74
2016-10-06,-0.06,-0.22,0.28,0.45,0.24,0.00,0.76
2016-10-07,-0.38,-0.54,0.20,-0.28,-0.36,0.00,0.15
2016-10-10,0.52,0.57,0.05,-0.53,-0.20,0.00,0.09
2016-10-11,-1.30,-0.56,0.43,0.40,0.08,0.00,0.05
2016-10-12,0.06,-0.22,0.34,0.67,0.13,0.00,0.51
2016-10-13,-0.41,-0.75,-0.62,0.33,-0.17,0.00,0.13
2016-10-14,0.01,-0.36,0.58,0.07,0.10,0.00,0.33
2016-10-17,-0.29,-0.02,0.15,0.10,0.13,0.00,0.48
2016-10-18,0.60,-0.17,0.05,-0.30,-0.31,0.00,-0.31
2016-10-19,0.24,0.14,0.93,-0.11,0.50,0.00,-0.33
2016-10-20,-0.16,-0.04,-0.11,-0.48,-0.05,0.00,-0.43
2016-10-21,0.02,-0.18,-0.33,0.17,-0.19,0.00,-0.24
2016-10-24,0.54,0.06,-0.19,0.60,-0.49,0.00,0.37
2016-10-25,-0.46,-0.60,0.24,0.00,-0.02,0.00,0.02
2016-10-26,-0.23,-0.73,0.71,0.10,0.54,0.00,-0.80
2016-10-27,-0.32,-0.94,0.56,-0.13,-0.01,0.00,-0.23
2016-10-28,-0.29,-0.12,0.09,-0.13,0.36,0.00,0.40
2016-10-31,0.02,0.11,0.09,0.48,-0.33,0.00,0.76
2016-11-01,-0.68,-0.39,0.23,-0.49,-0.06,0.00,-0.24
2016-11-02,-0.73,-0.55,0.26,0.96,0.11,0.00,0.08
2016-11-03,-0.40,-0.36,1.05,0.12,0.81,0.00,0.77
2016-11-04,-0.12,0.84,-0.42,-0.10,-0.10,0.00,-0.59
2016-11-07,2.24,0.16,-0.11,-0.29,-0.20,0.00,-0.23
2016-11-08,0.40,-0.11,-0.23,-0.05,0.29,0.00,0.56
2016-11-09,1.45,2.13,1.07,-0.79,0.74,0.00,-1.99
2016-11-10,0.32,1.46,1.85,-0.25,0.36,0.00,-1.98
2016-11-11,0.18,2.53,-0.02,0.03,-0.29,0.00,-0.26
2016-11-14,0.20,0.92,1.41,-0.22,0.38,0.00,-1.50
2016-11-15,0.80,-0.54,0.15,-0.50,0.18,0.00,0.70
2016-11-16,-0.12,0.21,-0.54,0.75,-0.16,0.00,0.66
2016-11-17,0.56,0.16,-0.15,0.17,-0.43,0.00,-0.14
2016-11-18,-0.16,0.57,0.38,-0.20,0.10,0.00,0.14
2016-11-21,0.77,-0.26,0.05,-0.06,0.30,0.00,0.37
2016-11-22,0.31,0.64,0.53,0.83,0.32,0.00,0.46
2016-11-23,0.15,0.56,0.19,-0.25,0.15,0.00,-0.47
2016-11-25,0.40,-0.05,-0.29,0.27,-0.17,0.00,0.03
2016-11-28,-0.64,-0.78,0.08,0.66,-0.34,0.00,0.66
2016-11-29,0.12,-0.39,-0.05,0.42,-0.52,0.00,0.31
2016-11-30,-0.25,-0.16,2.20,-1.42,1.97,0.00,-0.70
2016-12-01,-0.36,-0.38,2.03,0.30,0.62,0.00,-0.52
2016-12-02,0.00,-0.01,-0.32,-0.11,0.06,0.00,0.46
2016-12-05,0.75,1.12,0.27,-0.30,-0.17,0.00,-0.27
2016-12-06,0.47,0.63,0.21,-0.15,-0.07,0.00,-0.45
2016-12-07,1.26,-0.49,0.48,0.84,0.00,0.00,0.09
2016-12-08,0.36,1.24,0.60,-0.20,-0.11,0.00,-0.39
2016-12-09,0.46,-0.35,0.20,-0.06,-0.07,0.00,-0.64
2016-12-12,-0.30,-0.97,-0.14,0.12,0.03,0.00,0.19
2016-12-13,0.60,-0.58,-0.25,0.05,-0.18,0.00,-0.11
2016-12-14,-0.82,-0.39,-0.28,0.44,-0.50,0.00,0.02
2016-12-15,0.46,0.46,0.29,0.04,0.03,0.00,0.27
2016-12-16,-0.22,-0.02,-0.41,-0.15,-0.03,0.00,-0.87
2016-12-19,0.22,0.32,0.06,0.23,0.03,0.00,0.11
2016-12-20,0.44,0.50,0.64,0.11,0.07,0.00,0.43
2016-12-21,-0.24,-0.35,0.20,0.14,0.07,0.00,0.34
2016-12-22,-0.30,-0.77,0.25,-0.21,0.06,0.00,0.29
2016-12-23,0.19,0.53,-0.50,-0.35,-0.14,0.00,-0.39
2016-12-27,0.27,0.24,0.13,0.18,0.06,0.00,0.28
2016-12-28,-0.87,-0.29,0.08,0.17,-0.16,0.00,-0.13
2016-12-29,-0.04,0.10,-0.33,0.27,0.03,0.00,0.09
2016-12-30,-0.52,-0.06,0.21,-0.12,0.04,0.00,-0.27
2017-01-03,0.83,-0.09,0.06,-0.20,0.25,0.00,-0.62
2017-01-04,0.79,0.97,-0.15,-0.47,-0.05,0.00,-0.37
2017-01-05,-0.21,-1.02,-0.78,-0.23,-0.09,0.00,-0.61
2017-01-06,0.29,-0.74,-0.31,-0.35,-0.30,0.00,-0.21
2017-01-09,-0.37,-0.34,-1.03,0.14,-0.50,0.00,-0.38
2017-01-10,0.16,0.93,0.43,0.04,0.05,0.00,0.71
2017-01-11,0.31,-0.15,0.68,0.06,0.26,0.00,0.66
2017-01-12,-0.30,-0.65,-0.86,0.05,-0.29,0.00,-0.53
2017-01-13,0.29,0.59,-0.09,-0.27,-0.16,0.00,0.18
2017-01-17,-0.49,-0.96,-0.64,0.58,0.39,0.00,-0.89
2017-01-18,0.24,0.20,0.23,-0.10,-0.08,0.00,0.49
2017-01-19,-0.38,-0.55,-0.06,-0.10,-0.03,0.00,0.34
2017-01-20,0.33,0.08,0.22,0.13,0.03,0.00,0.21
2017-01-23,-0.29,-0.06,-0.33,0.42,-0.36,0.00,0.09
2017-01-24,0.82,0.80,0.81,-0.24,0.49,0.00,1.14
2017-01-25,0.84,0.21,0.43,-0.24,-0.15,0.00,0.49
2017-01-26,-0.10,-0.58,0.40,-0.08,-0.15,0.00,0.54
2017-01-27,-0.12,-0.07,-0.68,0.11,0.06,0.00,0.06
2017-01-30,-0.68,-0.74,-0.46,0.60,-0.15,0.00,-0.70
2017-01-31,0.00,0.81,-0.55,-0.39,-0.26,0.00,-0.64
2017-02-01,0.03,-0.08,0.04,0.22,-0.23,0.00,0.47
2017-02-02,-0.02,-0.29,-0.29,-0.28,0.15,0.00,-0.51
2017-02-03,0.82,0.61,0.74,-0.49,0.27,0.00,0.89
2017-02-06,-0.27,-0.65,-0.16,0.07,-0.22,0.00,-0.23
2017-02-07,0.00,-0.38,-0.51,0.38,-0.23,0.00,-0.24
2017-02-08,0.07,-0.28,-0.59,0.30,-0.09,0.00,-0.63
2017-02-09,0.71,0.70,0.08,-0.26,0.07,0.00,0.48
2017-02-10,0.37,0.39,0.17,-0.03,0.14,0.00,-0.31
2017-02-13,0.49,-0.27,0.34,-0.01,0.04,0.00,0.31
2017-02-14,0.45,-0.17,0.35,-0.44,-0.09,0.00,0.12
2017-02-15,0.53,0.14,-0.42,0.20,-0.05,0.00,-0.21
2017-02-16,-0.16,-0.22,0.00,0.27,-0.21,0.00,-0.07
2017-02-17,0.20,-0.07,-0.54,0.01,-0.40,0.00,-0.41
2017-02-21,0.60,0.06,0.13,0.32,0.36,0.00,0.08
2017-02-22,-0.15,-0.38,0.10,0.48,-0.32,0.00,-0.06
2017-02-23,-0.12,-0.71,0.24,-0.26,-0.45,0.00,-0.55
2017-02-24,0.15,-0.11,-0.96,0.31,-0.21,0.00,-0.62
2017-02-27,0.21,0.85,-0.34,-0.36,-0.13,0.00,0.13
2017-02-28,-0.42,-1.35,0.14,-0.02,-0.19,0.00,0.14
2017-03-01,1.47,0.51,0.77,-0.53,0.53,0.00,1.30
2017-03-02,-0.69,-0.54,-0.90,0.62,-0.43,0.00,-1.14
2017-03-03,0.08,-0.17,0.14,-0.06,-0.09,0.00,0.64
2017-03-06,-0.37,-0.40,-0.08,-0.05,0.00,0.00,0.02
2017-03-07,-0.35,-0.35,-0.07,0.09,-0.25,0.00,0.11
2017-03-08,-0.19,-0.19,-0.83,0.44,-0.75,0.00,-0.71
2017-03-09,0.05,-0.52,-0.23,-0.58,-0.16,0.00,-0.18
2017-03-10,0.34,0.06,-0.47,0.27,0.03,0.00,-0.20
2017-03-13,0.13,0.31,-0.08,-0.11,0.05,0.00,0.54
2017-03-14,-0.36,-0.22,-0.01,0.50,-0.25,0.00,-0.16
2017-03-15,0.86,0.69,-0.46,-0.11,0.50,0.00,-0.03
2017-03-16,-0.07,0.44,0.23,-0.16,-0.37,0.00,-0.19
2017-03-17,-0.08,0.57,-0.34,0.15,0.03,0.00,0.14
2017-03-20,-0.25,-0.20,-0.71,-0.15,-0.07,0.00,-0.02
2017-03-21,-1.49,-1.40,-0.71,0.84,0.29,0.00,-1.69
2017-03-22,0.16,-0.33,-0.57,0.16,-0.15,0.00,0.22
2017-03-23,-0.03,0.74,0.49,-0.03,0.21,0.00,0.15
2017-03-24,-0.05,0.11,-0.20,-0.26,-0.31,0.00,0.08
2017-03-27,-0.05,0.46,-0.49,-0.21,-0.26,0.00,-0.31
2017-03-28,0.73,-0.04,0.72,0.05,0.41,0.00,0.37
2017-03-29,0.18,0.33,-0.09,-0.25,0.15,0.00,-0.46
2017-03-30,0.36,0.42,0.92,-0.06,-0.14,0.00,0.72
2017-03-31,-0.16,0.54,-0.32,0.04,0.10,0.00,0.00
2017-04-03,-0.28,-1.15,-0.08,-0.16,-0.09,0.00,0.04
2017-04-04,0.05,-0.24,0.31,-0.08,0.19,0.00,0.37
2017-04-05,-0.44,-0.82,-0.30,0.45,-0.08,0.00,-0.45
2017-04-06,0.31,0.73,0.48,-0.13,0.37,0.00,0.07
2017-04-07,-0.08,0.08,-0.26,0.01,-0.05,0.00,0.01
2017-04-10,0.08,0.14,0.07,0.19,0.46,0.00,-0.91
2017-04-11,-0.05,0.80,0.23,0.20,0.18,0.00,0.14
2017-04-12,-0.49,-0.94,-0.54,-0.04,-0.55,0.00,-0.60
2017-04-13,-0.75,-0.35,-0.81,-0.03,-0.38,0.00,-0.31
2017-04-17,0.89,0.29,0.24,0.03,-0.14,0.00,0.52
2017-04-18,-0.25,0.31,-0.19,0.31,0.12,0.00,-0.03
2017-04-19,-0.08,0.56,-0.44,0.43,-0.84,0.00,0.19
2017-04-20,0.83,0.59,0.26,0.20,-0.19,0.00,0.44
2017-04-21,-0.28,0.06,-0.15,0.35,-0.20,0.00,0.19
2017-04-24,1.18,0.26,0.50,-0.08,0.14,0.00,0.92
2017-04-25,0.66,0.40,-0.07,-0.37,0.31,0.00,0.12
2017-04-26,0.04,0.75,0.32,0.23,-0.01,0.00,-0.23
2017-04-27,0.05,-0.20,-0.97,0.20,-0.56,0.00,0.25
2017-04-28,-0.30,-0.76,-0.60,0.09,-0.21,0.00,-0.07
2017-05-01,0.21,0.23,-0.11,-0.20,-0.52,0.00,0.96
2017-05-02,0.03,-0.45,-0.23,0.42,-0.29,0.00,-0.57
2017-05-03,-0.19,-0.51,0.23,-0.05,0.10,0.00,-0.03
2017-05-04,0.02,-0.14,-0.33,0.32,-0.73,0.00,-0.01
2017-05-05,0.46,0.09,0.00,-0.23,0.64,0.00,-0.31
2017-05-08,-0.04,-0.20,0.25,0.13,0.07,0.00,0.00
2017-05-09,-0.05,0.40,-0.80,0.34,-0.34,0.00,0.04
2017-05-10,0.20,0.25,0.03,-0.31,0.38,0.00,0.03
2017-05-11,-0.25,-0.43,-0.16,-0.25,-0.03,0.00,0.13
2017-05-12,-0.18,-0.38,-0.61,-0.27,-0.32,0.00,0.31
2017-05-15,0.53,0.25,0.20,-0.30,0.03,0.00,0.10
2017-05-16,-0.03,0.10,-0.09,-0.24,-0.12,0.00,0.84
2017-05-17,-1.97,-0.95,-0.60,0.53,0.28,0.00,-1.54
2017-05-18,0.40,0.00,-0.38,-0.35,-0.59,0.00,0.58
2017-05-19,0.70,-0.33,0.40,-0.09,0.80,0.00,-0.25
2017-05-22,0.56,0.25,-0.30,-0.05,-0.30,0.00,0.35
2017-05-23,0.18,-0.02,0.64,-0.23,0.06,0.00,0.56
2017-05-24,0.24,-0.20,-0.46,0.15,-0.29,0.00,0.13
2017-05-25,0.42,-0.35,-0.74,0.55,-0.62,0.00,0.59
2017-05-26,0.06,-0.02,0.10,0.18,0.21,0.00,0.17
2017-05-30,-0.19,-0.54,-0.35,0.63,-0.01,0.00,0.07
2017-05-31,-0.02,-0.04,-0.53,0.27,-0.07,0.00,-0.03
2017-06-01,0.94,1.01,0.04,-0.22,0.08,0.00,-0.42
2017-06-02,0.35,0.43,-0.76,0.17,-0.46,0.00,0.56
2017-06-05,-0.17,-0.45,-0.04,-0.17,0.05,0.00,0.05
2017-06-06,-0.28,0.10,-0.03,-0.47,0.35,0.00,-0.12
2017-06-07,0.15,-0.12,-0.04,0.53,-0.66,0.00,1.16
2017-06-08,0.18,1.19,0.93,-0.69,-0.05,0.00,0.96
2017-06-09,-0.12,0.31,2.44,-0.16,1.09,0.00,-1.60
2017-06-12,-0.12,-0.16,0.34,0.08,0.58,0.00,-1.23
2017-06-13,0.55,0.05,-0.14,-0.30,-0.07,0.00,0.53
2017-06-14,-0.17,-0.55,-0.52,0.11,-0.53,0.00,-0.21
2017-06-15,-0.30,-0.30,-0.11,0.08,-0.09,0.00,0.27
2017-06-16,-0.04,-0.23,-0.19,-0.43,0.13,0.00,0.09
2017-06-19,0.86,0.09,-0.73,-0.13,-0.09,0.00,0.79
2017-06-20,-0.73,-0.44,-0.48,-0.22,-0.25,0.00,0.18
2017-06-21,-0.07,-0.23,-1.67,-0.23,-1.14,0.00,0.61
2017-06-22,0.02,0.46,-0.41,-0.16,-0.04,0.00,-0.53
2017-06-23,0.24,0.74,-0.48,-0.37,0.07,0.00,-0.09
2017-06-26,0.04,0.08,0.70,0.22,0.19,0.00,-0.59
2017-06-27,-0.85,-0.21,1.34,0.33,0.35,0.00,-0.32
2017-06-28,1.01,0.80,0.21,-0.19,-0.08,0.00,0.90
2017-06-29,-0.83,0.06,1.37,-0.24,0.35,0.00,-0.49
2017-06-30,0.14,-0.10,-0.30,0.21,0.29,0.00,-0.35
2017-07-03,0.23,0.45,1.21,-0.57,0.66,0.00,-0.59
2017-07-05,0.12,-0.68,-0.58,0.16,-0.70,0.00,1.43
2017-07-06,-0.95,-0.44,0.12,0.23,-0.01,0.00,0.73
2017-07-07,0.69,0.40,-0.41,0.20,-0.52,0.00,0.82
2017-07-10,0.05,-0.45,-0.07,-0.11,-0.09,0.00,0.41
2017-07-11,0.00,0.29,-0.55,-0.34,0.16,0.00,0.01
2017-07-12,0.72,0.06,-0.52,0.11,-0.20,0.00,0.31
2017-07-13,0.17,-0.02,0.39,-0.05,0.22,0.00,-0.38
2017-07-14,0.42,-0.22,-0.52,0.18,0.01,0.00,-0.14
2017-07-17,0.00,0.22,0.10,0.16,0.09,0.00,-0.17
2017-07-18,0.04,-0.36,-0.30,-0.08,-0.41,0.00,0.46
2017-07-19,0.59,0.47,0.03,-0.25,0.15,0.00,-0.34
2017-07-20,-0.01,0.05,-0.05,0.11,-0.28,0.00,-0.06
2017-07-21,-0.08,-0.43,-0.24,0.02,-0.31,0.00,0.32
2017-07-24,-0.03,0.10,-0.18,-0.25,-0.38,0.00,0.97
2017-07-25,0.38,0.43,0.96,-0.19,0.73,0.00,-0.68
2017-07-26,-0.06,-0.47,-0.76,-0.18,0.07,0.00,-0.20
2017-07-27,-0.14,-0.67,0.44,0.32,0.39,0.00,-1.07
2017-07-28,-0.17,-0.06,0.27,-0.20,0.19,0.00,0.17
2017-07-31,-0.11,-0.25,0.46,-0.01,0.11,0.00,-0.05
2017-08-01,0.24,-0.14,0.14,0.26,-0.48,0.00,0.61
2017-08-02,-0.08,-1.16,0.15,0.04,-0.36,0.00,0.65
2017-08-03,-0.21,-0.35,-0.33,0.28,-0.29,0.00,0.30
2017-08-04,0.25,0.37,0.40,-0.09,0.04,0.00,0.02
2017-08-07,0.16,-0.11,-0.58,0.24,-0.36,0.00,0.41
2017-08-08,-0.23,-0.08,0.23,-0.28,-0.16,0.00,0.57
2017-08-09,-0.14,-0.80,-0.08,0.19,0.07,0.00,-0.23
2017-08-10,-1.49,-0.31,0.26,0.32,0.13,0.00,-0.47
2017-08-11,0.19,0.17,-0.87,0.36,-0.09,0.00,0.00
2017-08-14,1.03,0.32,0.12,-0.02,-0.46,0.00,1.11
2017-08-15,-0.11,-0.87,-0.03,-0.18,-0.26,0.00,0.62
2017-08-16,0.18,-0.14,-0.44,0.35,-0.13,0.00,-0.03
2017-08-17,-1.60,-0.18,-0.17,-0.04,0.13,0.00,-0.48
2017-08-18,-0.15,0.11,0.24,-0.30,-0.02,0.00,0.21
2017-08-21,0.06,-0.27,-0.22,0.21,-0.11,0.00,0.05
2017-08-22,1.07,-0.02,-0.24,-0.19,0.13,0.00,0.45
2017-08-23,-0.32,0.11,0.41,-0.53,0.09,0.00,-0.24
2017-08-24,-0.15,0.58,0.16,-0.52,0.11,0.00,0.03
2017-08-25,0.18,0.16,0.56,0.12,0.23,0.00,-0.44
2017-08-28,0.08,0.31,-0.74,0.19,-0.19,0.00,0.41
2017-08-29,0.10,0.09,-0.38,0.01,0.09,0.00,0.23
2017-08-30,0.53,0.00,-0.32,0.08,-0.41,0.00,0.55
2017-08-31,0.62,0.41,-0.43,-0.34,-0.08,0.00,0.04
2017-09-01,0.28,0.42,0.40,-0.10,0.35,0.00,-0.39
2017-09-05,-0.80,-0.04,-0.99,-0.06,0.54,0.00,-0.70
2017-09-06,0.28,-0.05,0.12,-0.37,0.13,0.00,-0.75
2017-09-07,-0.07,0.01,-0.91,0.01,0.08,0.00,0.01
2017-09-08,-0.17,0.13,0.38,0.22,-0.13,0.00,0.46
2017-09-11,1.07,-0.07,0.64,-0.37,-0.10,0.00,0.31
2017-09-12,0.42,0.34,0.72,0.09,0.19,0.00,-0.53
2017-09-13,0.10,0.27,0.32,-0.33,0.12,0.00,-0.61
2017-09-14,-0.13,-0.06,-0.06,-0.36,0.21,0.00,0.01
2017-09-15,0.19,0.25,0.14,0.27,-0.02,0.00,-0.25
2017-09-18,0.24,0.41,0.21,-0.49,0.22,0.00,0.48
2017-09-19,0.15,-0.21,0.40,0.02,0.06,0.00,0.75
2017-09-20,0.15,0.27,0.49,-0.19,0.31,0.00,-0.30
2017-09-21,-0.28,0.15,0.37,-0.06,-0.07,0.00,0.04
2017-09-22,0.13,0.44,0.12,0.39,0.29,0.00,-0.35
2017-09-25,-0.26,0.35,0.59,-0.22,0.63,0.00,-1.48
2017-09-26,0.06,0.46,0.17,0.58,-0.14,0.00,-0.06
2017-09-27,0.63,1.43,0.23,-0.28,-0.51,0.00,0.81
2017-09-28,0.13,0.17,-0.05,-0.09,-0.18,0.00,0.47
2017-09-29,0.35,-0.14,-0.26,-0.11,-0.38,0.00,0.41
2017-10-02,0.50,0.88,0.13,-0.21,0.26,0.00,0.02
2017-10-03,0.26,-0.03,-0.05,-0.01,-0.08,0.00,-0.02
2017-10-04,0.05,-0.34,-0.45,-0.10,0.01,0.00,0.25
2017-10-05,0.55,-0.31,0.39,-0.33,-0.18,0.00,0.00
2017-10-06,-0.08,-0.08,-0.25,0.16,-0.34,0.00,0.63
2017-10-09,-0.23,-0.29,0.00,0.09,-0.14,0.00,0.57
2017-10-10,0.24,0.02,0.43,0.12,0.07,0.00,-0.01
2017-10-11,0.16,-0.25,-0.19,-0.04,-0.07,0.00,0.42
2017-10-12,-0.18,-0.10,-0.52,0.16,0.13,0.00,0.62
2017-10-13,0.04,-0.27,0.12,0.15,0.02,0.00,-0.03
2017-10-16,0.17,-0.26,0.36,0.03,-0.09,0.00,0.26
2017-10-17,0.01,-0.35,-0.31,0.41,-0.19,0.00,-0.21
2017-10-18,0.14,0.35,0.23,0.29,-0.13,0.00,0.17
2017-10-19,0.02,-0.35,0.16,0.14,0.09,0.00,-0.21
2017-10-20,0.57,0.00,0.27,0.07,0.04,0.00,0.13
2017-10-23,-0.45,-0.38,0.17,0.27,-0.27,0.00,0.42
2017-10-24,0.20,-0.10,0.49,-0.01,-0.13,0.00,0.66
2017-10-25,-0.50,0.03,0.15,0.27,-0.44,0.00,-0.09
2017-10-26,0.20,0.05,0.28,0.10,-0.19,0.00,0.32
2017-10-27,0.82,-0.08,-0.98,0.09,-1.29,0.00,0.97
2017-10-30,-0.46,-0.78,-0.05,-0.59,-0.40,0.00,-0.17
2017-10-31,0.23,0.77,-0.25,-0.13,0.21,0.00,0.38
2017-11-01,0.05,-0.80,0.08,0.00,-0.05,0.00,-0.46
2017-11-02,0.06,0.01,0.51,-0.24,0.34,0.00,0.76
2017-11-03,0.30,-0.54,-0.72,-0.17,-0.12,0.00,0.50
2017-11-06,0.06,0.16,0.19,-0.65,0.07,0.00,-0.39
2017-11-07,-0.20,-1.42,-0.40,0.47,-0.08,0.00,-0.25
2017-11-08,0.12,-0.05,-0.60,0.55,-0.03,0.00,-0.01
2017-11-09,-0.41,-0.01,0.22,0.01,0.06,0.00,-0.82
2017-11-10,0.01,0.06,-0.43,0.23,0.13,0.00,-0.11
2017-11-13,0.09,-0.29,0.09,0.06,-0.76,0.00,0.82
2017-11-14,-0.22,-0.06,0.00,0.97,-0.43,0.00,0.92
2017-11-15,-0.52,0.05,0.23,-0.06,0.13,0.00,-0.12
2017-11-16,1.01,0.81,-0.53,0.57,0.33,0.00,0.31
2017-11-17,-0.14,0.72,0.27,-0.16,0.35,0.00,-1.19
2017-11-20,0.21,0.62,0.03,0.24,-0.01,0.00,0.45
2017-11-21,0.67,0.36,-0.33,0.03,-0.63,0.00,0.93
2017-11-22,-0.05,0.08,-0.08,-0.26,0.19,0.00,-0.88
2017-11-24,0.21,0.00,-0.43,0.02,-0.09,0.00,0.49
2017-11-27,-0.06,-0.31,0.01,0.61,-0.12,0.00,0.14
2017-11-28,1.06,0.57,0.86,0.32,-0.01,0.00,-0.47
2017-11-29,0.02,0.34,1.48,0.84,0.59,0.00,-2.29
2017-11-30,0.82,-0.60,-0.52,-0.28,0.06,0.00,0.49
2017-12-01,-0.22,-0.32,0.38,-0.39,0.33,0.00,-0.46
2017-12-04,-0.11,-0.14,1.22,1.01,0.56,0.00,-1.98
2017-12-05,-0.42,-0.47,-0.22,0.20,-0.12,0.00,0.95
2017-12-06,-0.09,-0.51,-0.52,0.40,-0.48,0.00,0.90
2017-12-07,0.42,0.29,-0.20,-0.25,0.10,0.00,0.66
2017-12-08,0.51,-0.44,-0.13,-0.09,0.08,0.00,-0.47
2017-12-11,0.27,-0.43,-0.18,-0.04,0.07,0.00,-0.28
2017-12-12,0.07,-0.44,0.50,0.04,0.10,0.00,-0.60
2017-12-13,0.02,0.62,-0.89,0.26,-0.07,0.00,0.57
2017-12-14,-0.47,-0.76,-0.22,-0.19,-0.13,0.00,0.47
2017-12-15,0.92,0.68,0.04,0.31,-0.48,0.00,0.25
2017-12-18,0.66,0.82,0.27,0.20,0.16,0.00,-0.09
2017-12-19,-0.30,-0.34,-0.24,0.24,0.41,0.00,-0.06
2017-12-20,0.01,0.37,0.06,-0.18,0.28,0.00,-0.28
2017-12-21,0.24,0.31,0.63,-0.70,0.31,0.00,-0.73
2017-12-22,-0.07,-0.19,-0.21,-0.10,0.21,0.00,0.11
2017-12-26,-0.07,0.31,-0.07,-0.13,0.61,0.00,-0.38
2017-12-27,0.05,-0.16,-0.20,0.07,-0.12,0.00,0.59
2017-12-28,0.22,0.10,0.05,-0.13,-0.19,0.00,-0.08
2017-12-29,-0.57,-0.31,0.01,0.16,0.13,0.00,-0.18
2018-01-02,0.85,0.32,-0.21,-0.51,0.22,0.01,-0.64
2018-01-03,0.59,-0.47,-0.19,-0.71,-0.07,0.01,0.21
2018-01-04,0.42,-0.22,0.24,-0.02,0.30,0.01,-0.20
2018-01-05,0.66,-0.37,-0.25,0.39,-0.38,0.01,0.61
2018-01-08,0.19,-0.20,0.04,-0.06,0.04,0.01,0.16
2018-01-09,0.15,-0.37,-0.04,-0.13,-0.06,0.01,0.52
2018-01-10,-0.07,0.13,0.57,-0.37,-0.02,0.01,-0.23
2018-01-11,0.86,1.13,0.30,-0.22,0.48,0.01,-0.33
2018-01-12,0.66,-0.32,0.16,-0.10,0.13,0.01,0.01
2018-01-16,-0.49,-1.00,0.01,0.49,-0.35,0.01,-0.16
2018-01-17,0.95,-0.05,-0.09,-0.08,-0.04,0.01,1.00
2018-01-18,-0.18,-0.44,-0.25,0.31,-0.30,0.01,0.41
2018-01-19,0.57,0.93,-0.05,0.09,0.12,0.01,0.55
2018-01-22,0.77,-0.35,-0.16,-0.58,0.19,0.01,-0.28
2018-01-23,0.22,0.07,-0.36,-0.40,-0.28,0.01,0.05
2018-01-24,-0.13,-0.75,0.44,0.02,0.13,0.01,-0.18
2018-01-25,0.07,0.10,-0.54,0.19,-0.18,0.01,0.61
2018-01-26,1.11,-0.61,-0.51,0.29,-0.18,0.01,0.60
2018-01-29,-0.62,-0.03,-0.28,0.15,-0.31,0.01,-0.13
2018-01-30,-1.06,0.13,-0.21,0.41,-0.36,0.01,0.31
2018-01-31,-0.07,-0.67,0.11,0.09,-0.06,0.01,0.27
2018-02-01,0.03,0.12,0.53,-0.55,-0.01,0.01,-0.18
2018-02-02,-2.13,0.01,-0.29,0.72,-0.42,0.01,0.14
2018-02-05,-4.03,0.66,-0.59,0.19,-0.14,0.01,-0.23
2018-02-06,1.67,-0.48,-0.19,0.03,-0.15,0.01,0.78
2018-02-07,-0.38,0.59,0.21,0.32,0.30,0.01,0.15
2018-02-08,-3.67,0.80,0.52,0.41,0.04,0.01,-1.13
2018-02-09,1.37,-0.54,0.15,0.17,-0.44,0.01,0.58
2018-02-12,1.36,-0.46,-0.30,-0.24,-0.18,0.01,0.54
2018-02-13,0.31,0.11,-0.24,0.19,-0.04,0.01,0.61
2018-02-14,1.52,0.29,0.48,-0.68,-0.09,0.01,0.22
2018-02-15,1.22,-0.17,-0.63,0.21,-0.33,0.01,0.28
2018-02-16,0.03,0.36,0.15,0.04,0.08,0.01,-0.16
2018-02-20,-0.62,-0.30,-0.24,-0.27,-0.53,0.01,0.30
2018-02-21,-0.44,0.82,0.23,0.10,-0.28,0.01,0.78
2018-02-22,0.01,-0.05,-0.41,0.10,0.48,0.01,0.20
2018-02-23,1.54,-0.37,-0.14,-0.17,-0.14,0.01,0.05
2018-02-26,1.12,-0.47,-0.06,-0.18,-0.25,0.01,0.10
2018-02-27,-1.25,-0.19,0.03,-0.10,-0.09,0.01,0.27
2018-02-28,-1.11,-0.43,-0.31,0.21,-0.27,0.01,0.53
2018-03-01,-1.19,0.95,-0.03,-0.25,0.04,0.01,-0.85
2018-03-02,0.70,1.11,-0.48,-0.45,-0.39,0.01,-0.18
2018-03-05,1.07,-0.41,0.22,-0.56,0.07,0.01,-0.40
2018-03-06,0.36,0.69,0.13,0.21,-0.06,0.01,0.38
2018-03-07,0.05,0.76,-0.44,-0.07,-0.41,0.01,0.80
2018-03-08,0.37,-0.58,-0.35,0.03,-0.17,0.01,-0.12
2018-03-09,1.71,-0.18,0.27,-0.24,-0.03,0.01,0.63
2018-03-12,-0.09,0.44,-0.08,-0.31,-0.24,0.01,-0.52
2018-03-13,-0.67,0.09,0.03,0.46,0.05,0.01,-0.06
2018-03-14,-0.53,0.14,-0.57,-0.13,-0.43,0.01,0.34
2018-03-15,-0.17,-0.39,0.31,0.12,-0.13,0.01,0.26
2018-03-16,0.25,0.47,0.17,0.07,0.32,0.01,-0.41
2018-03-19,-1.37,0.42,0.41,0.30,0.10,0.01,0.45
2018-03-20,0.14,-0.12,-0.36,-0.04,-0.12,0.01,1.39
2018-03-21,-0.07,0.69,0.44,-1.12,0.82,0.01,-0.31
2018-03-22,-2.54,0.40,-0.49,0.22,0.04,0.01,-0.94
2018-03-23,-2.10,0.10,-0.23,0.09,0.75,0.01,-0.33
2018-03-26,2.67,-0.63,0.03,-0.02,-0.60,0.01,1.28
2018-03-27,-1.87,-0.22,0.37,0.81,0.55,0.01,-1.82
2018-03-28,-0.35,0.19,0.64,0.77,0.05,0.01,-1.20
2018-03-29,1.41,-0.31,-0.22,-0.36,-0.15,0.01,0.55
2018-04-02,-2.30,-0.07,0.38,0.14,-0.10,0.01,-0.17
2018-04-03,1.25,-0.02,0.18,0.25,0.16,0.01,-0.15
2018-04-04,1.17,0.34,-0.32,0.07,-0.14,0.01,0.08
2018-04-05,0.75,0.05,0.46,0.11,0.26,0.01,-0.38
2018-04-06,-2.19,0.37,-0.06,0.13,0.01,0.01,-0.57
2018-04-09,0.30,-0.23,-0.51,-0.75,-0.29,0.01,0.58
2018-04-10,1.77,0.33,-0.12,-0.92,0.40,0.01,0.39
2018-04-11,-0.49,0.79,-0.30,-0.65,0.28,0.01,-0.53
2018-04-12,0.84,-0.16,0.19,-0.22,0.02,0.01,1.25
2018-04-13,-0.37,-0.11,-0.25,-0.08,0.18,0.01,-0.83
2018-04-16,0.82,0.14,-0.02,0.82,0.03,0.01,0.00
2018-04-17,1.09,0.00,-1.18,-0.31,-0.47,0.01,1.08
2018-04-18,0.13,0.21,0.02,-0.28,0.42,0.01,0.05
2018-04-19,-0.49,-0.30,1.08,-0.48,0.10,0.01,0.62
2018-04-20,-0.81,0.11,0.58,-0.55,0.30,0.01,0.04
2018-04-23,-0.05,-0.06,0.19,0.30,0.07,0.01,-0.29
2018-04-24,-1.30,0.64,1.02,0.04,0.20,0.01,-1.03
2018-04-25,0.11,-0.28,0.06,0.41,0.21,0.01,-0.54
2018-04-26,0.95,-0.56,-0.85,-0.58,-0.51,0.01,0.97
2018-04-27,0.01,-0.26,0.04,0.53,0.11,0.01,0.31
2018-04-30,-0.81,-0.07,-0.09,-0.40,-0.03,0.01,0.22
2018-05-01,0.25,0.25,-0.53,-0.02,-1.02,0.01,0.43
2018-05-02,-0.62,1.25,-0.35,0.04,-0.04,0.01,0.40
2018-05-03,-0.25,-0.61,-0.15,0.04,-0.12,0.01,0.89
2018-05-04,1.30,-0.03,-0.20,-0.40,0.07,0.01,-0.39
2018-05-07,0.41,0.38,-0.33,-0.55,-0.32,0.01,0.35
2018-05-08,0.07,0.50,0.23,-0.29,0.08,0.01,0.47
2018-05-09,0.90,-0.26,0.25,-0.92,-0.03,0.01,0.21
2018-05-10,0.85,-0.38,-0.04,0.24,-0.31,0.01,-0.16
2018-05-11,0.19,0.13,-0.38,0.26,0.12,0.01,0.15
2018-05-14,0.05,-0.30,0.11,-0.21,0.52,0.01,-0.36
2018-05-15,-0.55,0.70,0.40,-0.07,0.42,0.01,-0.11
2018-05-16,0.50,0.69,-0.25,0.36,0.10,0.01,-0.04
2018-05-17,0.01,0.87,0.29,-0.37,0.30,0.01,0.20
2018-05-18,-0.23,0.46,-0.62,0.14,-0.22,0.01,0.64
2018-05-21,0.72,-0.18,0.44,0.15,0.11,0.01,0.23
2018-05-22,-0.42,-0.65,0.61,-0.29,-0.37,0.01,-0.23
2018-05-23,0.29,-0.06,-0.69,0.00,-0.33,0.01,0.40
2018-05-24,-0.16,0.34,-0.35,0.50,0.09,0.01,0.13
2018-05-25,-0.22,0.24,-0.39,0.59,-0.53,0.01,-0.60
2018-05-29,-1.03,1.11,-1.02,0.17,-0.02,0.01,-0.09
2018-05-30,1.31,0.03,0.36,-0.74,0.19,0.01,0.27
2018-05-31,-0.70,0.05,-0.43,-0.50,-0.17,0.01,0.42
2018-06-01,1.06,-0.21,-0.10,-0.07,-0.20,0.01,0.59
2018-06-04,0.48,0.17,-0.45,1.08,-0.32,0.01,0.13
2018-06-05,0.16,0.78,-0.44,0.20,0.08,0.01,0.35
2018-06-06,0.86,-0.27,0.21,0.01,0.16,0.01,0.02
2018-06-07,-0.14,-0.25,0.93,0.17,0.62,0.01,-0.90
2018-06-08,0.31,0.04,-0.40,0.24,-0.20,0.01,-0.10
2018-06-11,0.12,0.15,-0.16,0.22,0.23,0.01,-0.64
2018-06-12,0.23,0.19,-0.63,0.10,-0.17,0.01,0.12
2018-06-13,-0.33,0.02,-0.20,-0.58,-0.18,0.01,0.23
2018-06-14,0.28,0.20,-1.01,-0.02,-0.61,0.01,-0.20
2018-06-15,-0.07,0.11,-0.25,0.69,-0.16,0.01,-0.90
2018-06-18,-0.09,0.74,0.08,-0.44,0.04,0.01,0.78
2018-06-19,-0.38,0.52,-0.14,-0.24,-0.37,0.01,-0.67
2018-06-20,0.23,0.65,-0.51,-0.17,0.09,0.01,0.31
2018-06-21,-0.73,-0.56,0.33,0.50,0.09,0.01,-0.32
2018-06-22,0.11,-0.07,0.46,-0.52,0.91,0.01,-0.64
2018-06-25,-1.48,-0.46,0.57,0.65,0.17,0.01,-1.14
2018-06-26,0.27,0.51,-0.24,-0.51,0.06,0.01,0.43
2018-06-27,-1.02,-1.01,0.36,-0.07,0.52,0.01,-0.34
2018-06-28,0.58,-0.20,-0.51,-0.20,-0.58,0.01,0.49
2018-06-29,0.06,-0.24,-0.24,-0.25,0.01,0.01,-0.01
2018-07-02,0.36,0.45,-0.25,-0.08,-0.54,0.01,0.57
2018-07-03,-0.44,0.76,-0.02,-0.28,0.45,0.01,-0.64
2018-07-05,0.87,0.39,-0.43,0.33,-0.17,0.01,-0.32
2018-07-06,0.88,-0.02,-0.30,-0.26,-0.15,0.01,0.10
2018-07-09,0.93,-0.29,0.86,0.01,-0.21,0.01,0.49
2018-07-10,0.21,-0.83,-0.16,0.11,0.29,0.01,-0.19
2018-07-11,-0.70,-0.06,-0.46,-0.12,-0.33,0.01,0.02
2018-07-12,0.85,-0.44,-1.16,-0.04,-0.48,0.01,0.54
2018-07-13,0.08,-0.18,-0.29,0.33,0.18,0.01,0.20
2018-07-16,-0.16,-0.61,0.97,-0.21,-0.14,0.01,0.38
2018-07-17,0.48,0.17,-0.74,0.12,-0.23,0.01,0.41
2018-07-18,0.26,-0.15,0.68,-0.17,-0.15,0.01,0.38
2018-07-19,-0.34,0.92,-0.36,0.22,0.04,0.01,-0.08
2018-07-20,-0.10,-0.17,0.11,0.09,-0.22,0.01,0.26
2018-07-23,0.16,-0.19,0.54,-0.21,-0.20,0.01,0.38
2018-07-24,0.22,-1.33,0.39,0.49,0.08,0.01,-0.37
2018-07-25,0.83,-0.59,-1.06,0.07,-0.33,0.01,1.09
2018-07-26,-0.21,0.76,0.58,-0.04,0.59,0.01,-0.98
2018-07-27,-0.82,-1.21,1.06,0.51,0.50,0.01,-1.33
2018-07-30,-0.70,0.02,1.59,0.31,1.03,0.01,-1.42
2018-07-31,0.51,0.72,-1.10,0.27,0.24,0.01,0.07
2018-08-01,-0.13,-0.01,-0.22,-0.16,-0.79,0.01,1.11
2018-08-02,0.67,0.19,-0.65,-0.03,-0.55,0.01,0.83
2018-08-03,0.31,-0.93,0.51,0.63,0.38,0.01,-0.80
2018-08-06,0.46,0.23,-0.33,-0.31,-0.21,0.01,0.35
2018-08-07,0.29,-0.02,-0.15,-0.31,-0.15,0.01,0.28
2018-08-08,-0.04,-0.12,0.26,-0.03,-0.07,0.01,0.32
2018-08-09,-0.05,0.35,-0.35,0.02,-0.23,0.01,0.08
2018-08-10,-0.60,0.31,-0.21,-0.27,0.24,0.01,0.72
2018-08-13,-0.46,-0.21,-0.29,0.31,0.03,0.01,-0.01
2018-08-14,0.69,0.32,0.22,0.35,0.20,0.01,0.39
2018-08-15,-0.91,-0.52,-0.14,0.64,-0.11,0.01,-1.09
2018-08-16,0.86,-0.03,0.26,-0.08,0.40,0.01,-0.38
2018-08-17,0.30,0.13,0.01,0.22,0.16,0.01,-0.34
2018-08-20,0.25,0.15,0.14,0.10,0.14,0.01,0.15
2018-08-21,0.33,0.92,0.14,-0.25,-0.27,0.01,0.17
2018-08-22,0.05,0.29,-0.35,-0.51,-0.28,0.01,0.98
2018-08-23,-0.19,-0.10,-0.33,-0.01,-0.18,0.01,0.64
2018-08-24,0.62,-0.08,-0.58,-0.31,-0.19,0.01,0.29
2018-08-27,0.74,-0.61,-0.15,-0.20,-0.38,0.01,0.01
2018-08-28,-0.01,-0.12,-0.23,0.11,-0.05,0.01,0.20
2018-08-29,0.56,-0.14,-0.57,-0.15,-0.28,0.01,0.44
2018-08-30,-0.41,0.23,-0.42,-0.22,-0.12,0.01,0.28
2018-08-31,0.08,0.46,-0.38,0.17,-0.14,0.01,0.28
2018-09-04,-0.11,-0.33,0.01,-0.05,-0.14,0.01,0.72
2018-09-05,-0.41,-0.04,0.67,0.47,0.60,0.01,-1.46
2018-09-06,-0.44,-0.36,-0.25,0.43,0.34,0.01,0.04
2018-09-07,-0.18,0.08,-0.22,0.03,0.03,0.01,-0.24
2018-09-10,0.23,0.08,-0.36,0.07,-0.21,0.01,-0.04
2018-09-11,0.37,-0.34,-0.24,-0.13,-0.42,0.01,0.83
2018-09-12,0.03,-0.12,-0.23,0.05,0.55,0.01,-0.83
2018-09-13,0.45,-0.49,-0.39,0.05,-0.05,0.01,0.19
2018-09-14,0.12,0.31,0.25,-0.13,-0.04,0.01,-0.16
2018-09-17,-0.72,-0.35,0.85,0.32,0.75,0.01,-1.33
2018-09-18,0.57,0.03,-0.48,-0.22,-0.23,0.01,0.33
2018-09-19,0.05,-0.51,1.28,-0.45,-0.03,0.01,-1.12
2018-09-20,0.77,0.29,-0.23,0.05,-0.08,0.01,-0.20
2018-09-21,-0.13,-0.43,0.31,0.22,0.66,0.01,-0.34
2018-09-24,-0.31,-0.04,-0.89,-0.47,-0.28,0.01,1.33
2018-09-25,-0.05,0.20,-0.38,-0.34,-0.06,0.01,1.26
2018-09-26,-0.40,-0.47,-0.62,0.51,0.12,0.01,0.13
2018-09-27,0.27,-0.34,-0.54,0.10,-0.32,0.01,0.21
2018-09-28,-0.03,0.34,-0.19,0.12,0.18,0.01,0.28
2018-10-01,0.16,-1.63,0.36,-0.11,0.03,0.01,-0.12
2018-10-02,-0.21,-0.94,0.57,0.12,0.35,0.01,-1.09
2018-10-03,0.20,0.89,0.50,-0.38,-0.22,0.01,0.13
2018-10-04,-0.93,-0.80,1.58,0.13,0.78,0.01,-0.84
2018-10-05,-0.64,-0.40,0.37,-0.38,0.43,0.01,0.07
2018-10-08,-0.18,-0.24,1.24,0.51,0.65,0.01,-1.25
2018-10-09,-0.18,-0.41,0.28,-0.50,0.21,0.01,0.45
2018-10-10,-3.33,0.41,1.09,0.22,0.82,0.01,-1.57
2018-10-11,-1.96,0.38,-0.92,0.42,-0.57,0.01,0.43
2018-10-12,1.39,-1.11,-1.75,0.07,-0.44,0.01,1.75
2018-10-15,-0.48,0.99,0.52,0.37,0.51,0.01,-0.97
2018-10-16,2.25,0.57,-1.45,-0.23,-0.68,0.01,0.99
2018-10-17,-0.09,-0.61,0.23,-0.24,0.16,0.01,-0.18
2018-10-18,-1.54,-0.53,0.42,-0.36,0.37,0.01,-0.15
2018-10-19,-0.24,-1.27,0.70,0.44,0.59,0.01,-0.56
2018-10-22,-0.38,0.35,-1.26,1.11,-0.15,0.01,1.25
2018-10-23,-0.62,-0.17,-0.42,0.17,-0.08,0.01,-0.37
2018-10-24,-3.33,-0.83,0.76,0.36,1.28,0.01,-0.41
2018-10-25,1.93,0.31,-0.60,-0.17,-1.09,0.01,1.01
2018-10-26,-1.65,0.59,0.35,-0.34,0.50,0.01,-0.16
2018-10-29,-0.76,-0.10,1.61,0.00,1.00,0.01,-1.13
2018-10-30,1.66,0.45,0.09,0.36,0.33,0.01,0.03
2018-10-31,1.21,-0.70,-0.74,-0.41,-0.99,0.01,0.80
2018-11-01,1.29,1.21,-1.12,-0.26,-0.52,0.01,-0.98
2018-11-02,-0.53,0.85,0.67,-0.47,0.20,0.01,-0.08
2018-11-05,0.40,-0.89,1.57,-0.50,0.79,0.01,-0.13
2018-11-06,0.57,-0.15,0.02,0.28,0.21,0.01,-0.15
2018-11-07,2.12,-0.51,-1.05,-0.39,-0.80,0.01,1.69
2018-11-08,-0.28,-0.17,0.25,0.42,0.33,0.01,0.39
2018-11-09,-1.04,-0.84,0.41,0.64,0.69,0.01,0.04
2018-11-12,-2.06,0.10,0.84,0.53,0.93,0.01,-0.30
2018-11-13,-0.13,-0.05,0.16,0.21,-0.30,0.01,-0.87
2018-11-14,-0.78,0.04,-0.27,0.60,0.13,0.01,-0.69
2018-11-15,1.18,0.31,-0.39,-0.85,-0.72,0.01,0.54
2018-11-16,0.15,-0.02,-0.06,-0.77,0.19,0.01,0.05
2018-11-19,-1.88,-0.39,2.32,0.21,1.24,0.01,-1.05
2018-11-20,-1.85,0.04,-0.54,-0.32,-0.27,0.01,-0.74
2018-11-21,0.51,0.95,-0.33,-0.34,0.00,0.01,-0.18
2018-11-23,-0.55,0.76,-0.61,0.30,-0.04,0.01,0.04
2018-11-26,1.62,-0.69,-0.20,-0.41,-0.76,0.01,0.10
2018-11-27,0.11,-1.05,0.25,0.60,0.12,0.01,0.54
2018-11-28,2.42,0.30,-1.16,0.07,-0.96,0.01,1.00
2018-11-29,-0.22,-0.20,-0.09,-0.48,0.02,0.01,0.29
2018-11-30,0.79,-0.37,-0.44,0.24,-0.22,0.01,-0.28
2018-12-03,1.13,-0.11,-0.78,-0.28,-0.59,0.01,0.24
2018-12-04,-3.46,-1.03,-0.22,-0.11,0.97,0.01,0.68
2018-12-06,-0.16,-0.06,-1.06,0.14,-0.31,0.01,0.53
2018-12-07,-2.36,0.27,1.33,-0.49,0.63,0.01,-0.54
2018-12-10,0.10,-0.36,-1.64,0.28,-0.29,0.01,0.78
2018-12-11,-0.08,-0.15,-0.42,0.17,-0.06,0.01,0.73
2018-12-12,0.68,0.51,-0.17,-0.23,-0.10,0.01,-0.06
2018-12-13,-0.26,-1.55,-0.20,0.21,0.08,0.01,0.48
2018-12-14,-1.89,0.09,0.49,-0.21,0.62,0.01,-0.53
2018-12-17,-2.13,-0.11,1.08,0.27,0.20,0.01,-0.99
2018-12-18,-0.03,-0.03,-0.60,0.93,-0.46,0.01,0.28
2018-12-19,-1.58,-0.59,0.02,-0.38,0.42,0.01,0.65
2018-12-20,-1.62,-0.11,0.97,0.62,-0.06,0.01,-0.46
2018-12-21,-2.16,-0.54,0.77,0.14,0.65,0.01,0.39
2018-12-24,-2.55,0.93,-0.51,-0.35,-0.35,0.01,-0.20
2018-12-26,5.07,-0.19,-1.00,-0.21,-1.12,0.01,0.07
2018-12-27,0.78,-0.71,-0.13,-0.13,0.10,0.01,0.25
2018-12-28,-0.03,0.75,0.25,-0.37,-0.06,0.01,0.09
2018-12-31,0.90,-0.14,-0.45,-0.09,-0.13,0.01,0.65
2019-01-02,0.22,0.73,1.14,-0.16,0.25,0.01,-2.30
2019-01-03,-2.45,0.48,1.18,-0.22,0.91,0.01,-0.74
2019-01-04,3.55,0.35,-0.69,-0.11,-0.62,0.01,-0.96
2019-01-07,0.94,0.87,-0.75,-0.74,-0.45,0.01,-0.73
2019-01-08,1.01,0.44,-0.63,0.34,-0.12,0.01,0.13
2019-01-09,0.52,0.50,0.11,0.09,-0.20,0.01,-0.80
2019-01-10,0.40,-0.01,-0.45,-0.06,-0.07,0.01,-0.33
2019-01-11,0.00,0.20,0.22,0.23,0.22,0.01,-0.20
2019-01-14,-0.60,-0.46,0.95,0.24,0.00,0.01,-0.57
2019-01-15,1.05,-0.14,-0.90,-0.30,-0.59,0.01,1.15
2019-01-16,0.28,0.26,0.92,-0.11,-0.28,0.01,-0.75
2019-01-17,0.78,0.09,-0.24,0.06,-0.02,0.01,-0.21
2019-01-18,1.30,-0.29,0.12,0.19,-0.24,0.01,-0.84
2019-01-22,-1.52,-0.35,0.30,0.26,0.36,0.01,0.94
2019-01-23,0.16,-0.41,-0.15,0.35,0.27,0.01,0.98
2019-01-24,0.23,0.48,0.00,-0.15,-0.23,0.01,-0.99
2019-01-25,0.90,0.41,-0.34,-0.36,-0.57,0.01,-1.35
2019-01-28,-0.80,-0.07,0.63,0.29,0.17,0.01,-0.09
2019-01-29,-0.19,0.03,0.19,0.03,0.49,0.01,-0.24
2019-01-30,1.51,-0.35,-0.94,-0.23,-0.90,0.01,0.09
2019-01-31,0.91,-0.07,-1.11,-0.35,-0.02,0.01,0.32
2019-02-01,0.13,-0.15,0.43,-0.78,0.29,0.01,-0.53
2019-02-04,0.73,0.41,-0.47,0.19,-0.21,0.01,-0.12
2019-02-05,0.43,-0.12,-0.61,0.61,-0.33,0.01,0.09
2019-02-06,-0.21,-0.03,0.06,-0.11,0.06,0.01,-0.30
2019-02-07,-0.93,-0.13,0.38,0.55,0.32,0.01,0.68
2019-02-08,0.10,-0.07,-0.68,-0.34,-0.11,0.01,0.73
2019-02-11,0.14,0.67,0.23,-0.09,-0.02,0.01,-0.11
2019-02-12,1.36,0.04,-0.16,-0.12,-0.29,0.01,-0.50
2019-02-13,0.28,0.05,0.07,0.10,0.21,0.01,-0.38
2019-02-14,-0.20,0.52,-0.59,0.42,-0.19,0.01,0.19
2019-02-15,1.13,0.37,0.48,-0.22,0.00,0.01,-0.46
2019-02-19,0.19,0.32,0.31,0.03,0.21,0.01,-0.42
2019-02-20,0.19,0.29,0.56,0.01,-0.29,0.01,-0.39
2019-02-21,-0.37,-0.03,-0.23,0.58,0.13,0.01,0.44
2019-02-22,0.65,0.39,-1.47,0.31,-0.61,0.01,0.24
2019-02-25,0.15,-0.27,-0.18,-0.76,-0.55,0.01,-0.63
2019-02-26,-0.16,-0.68,-0.33,0.10,-0.16,0.01,0.21
2019-02-27,0.10,0.15,-0.12,-0.66,-0.13,0.01,0.45
2019-02-28,-0.31,-0.01,-0.27,0.29,0.17,0.01,0.70
2019-03-01,0.72,0.25,-0.41,-0.36,-0.19,0.01,-0.24
2019-03-04,-0.52,-0.40,0.38,0.13,-0.07,0.01,-0.51
2019-03-05,-0.17,-0.32,-0.22,0.29,-0.01,0.01,0.47
2019-03-06,-0.84,-1.23,0.05,0.57,0.12,0.01,0.75
2019-03-07,-0.82,-0.05,-0.34,-0.37,0.12,0.01,0.51
2019-03-08,-0.22,0.07,-0.17,-0.11,-0.26,0.01,0.14
2019-03-11,1.49,0.27,-0.53,-0.28,-0.46,0.01,-0.34
2019-03-12,0.25,-0.31,-0.07,-0.43,0.02,0.01,-0.06
2019-03-13,0.67,-0.32,0.08,-0.17,0.17,0.01,-0.21
2019-03-14,-0.10,-0.38,0.30,-0.15,-0.11,0.01,0.21
2019-03-15,0.48,-0.24,-0.25,-0.05,-0.19,0.01,-0.16
2019-03-18,0.46,0.22,0.44,-0.09,-0.08,0.01,-0.59
2019-03-19,-0.09,-0.47,-0.92,0.02,-0.08,0.01,0.48
2019-03-20,-0.37,-0.23,-1.06,-0.15,-0.26,0.01,0.57
2019-03-21,1.10,0.17,-1.23,0.31,-0.34,0.01,-0.02
2019-03-22,-2.17,-1.56,-0.08,0.57,0.61,0.01,1.01
2019-03-25,-0.05,0.61,-0.26,0.21,0.04,0.01,0.66
2019-03-26,0.76,0.23,0.46,0.05,0.17,0.01,-0.45
2019-03-27,-0.50,0.16,0.51,0.75,0.11,0.01,-0.38
2019-03-28,0.40,0.34,0.02,-0.13,-0.05,0.01,-0.18
2019-03-29,0.66,-0.28,-0.92,0.22,-0.17,0.01,-0.04
2019-04-01,1.19,-0.19,0.99,-0.09,-0.30,0.01,-0.95
2019-04-02,-0.05,-0.18,-0.44,-0.39,-0.49,0.01,0.24
2019-04-03,0.27,0.22,-0.39,0.13,-0.39,0.01,-0.06
2019-04-04,0.19,0.35,0.94,0.63,0.26,0.01,-1.31
2019-04-05,0.53,0.49,-0.07,-0.29,0.11,0.01,-0.66
2019-04-08,0.08,-0.31,0.10,0.27,-0.03,0.01,-0.19
2019-04-09,-0.65,-0.60,-0.15,0.14,-0.04,0.01,0.98
2019-04-10,0.48,0.95,-0.11,0.08,-0.13,0.01,-0.18
2019-04-11,0.00,-0.27,0.40,0.05,0.12,0.01,-0.11
2019-04-12,0.64,-0.36,0.66,0.52,-0.25,0.01,-1.10
2019-04-15,-0.09,-0.26,-0.55,0.36,0.07,0.01,0.82
2019-04-16,0.13,0.23,0.71,-0.12,-0.14,0.01,-0.87
2019-04-17,-0.32,-0.53,0.84,1.10,-0.28,0.01,-0.83
2019-04-18,0.11,-0.28,-0.50,0.16,-0.20,0.01,-0.05
2019-04-22,0.11,-0.49,-0.57,-0.52,-0.19,0.01,0.25
2019-04-23,0.97,0.66,-0.49,-0.12,-0.42,0.01,0.26
2019-04-24,-0.22,0.32,-0.08,0.64,0.07,0.01,0.42
2019-04-25,-0.14,-0.79,-0.21,-0.63,-0.27,0.01,1.38
2019-04-26,0.53,0.47,0.06,-0.08,-0.18,0.01,0.12
2019-04-29,0.18,0.15,0.65,-0.39,-0.16,0.01,-0.45
2019-04-30,-0.04,-0.68,0.27,0.11,0.69,0.01,0.34
2019-05-01,-0.83,-0.07,-0.02,0.36,-0.05,0.01,0.49
2019-05-02,-0.16,0.46,-0.28,0.03,0.06,0.01,0.47
2019-05-03,1.13,0.93,-0.27,-0.01,-0.37,0.01,-0.26
2019-05-06,-0.39,0.58,-0.42,0.02,0.06,0.01,0.28
2019-05-07,-1.69,-0.27,0.49,0.03,0.30,0.01,0.27
2019-05-08,-0.21,-0.21,-0.31,-0.01,0.17,0.01,0.14
2019-05-09,-0.28,0.06,0.09,-0.36,0.01,0.01,0.61
2019-05-10,0.35,-0.33,0.06,-0.11,0.26,0.01,0.60
2019-05-13,-2.65,-0.68,0.28,0.24,0.84,0.01,0.97
2019-05-14,0.91,0.34,-0.02,-0.56,-0.02,0.01,-0.54
2019-05-15,0.58,-0.09,-0.96,0.12,-0.30,0.01,0.38
2019-05-16,0.91,-0.45,-0.33,-0.14,-0.23,0.01,0.45
2019-05-17,-0.71,-0.76,0.28,0.06,0.33,0.01,0.46
2019-05-20,-0.65,-0.11,0.73,0.06,0.45,0.01,0.34
2019-05-21,0.90,0.43,-0.34,-0.15,-0.18,0.01,-0.63
2019-05-22,-0.40,-0.64,-0.62,-0.12,0.20,0.01,1.32
2019-05-23,-1.37,-0.72,-0.27,0.33,0.26,0.01,1.19
2019-05-24,0.23,0.51,0.30,-0.50,-0.04,0.01,0.05
2019-05-28,-0.78,0.21,-0.63,0.00,-0.29,0.01,1.05
2019-05-29,-0.71,-0.24,0.41,-0.18,0.01,0.01,-0.41
2019-05-30,0.14,-0.37,-0.77,0.29,-0.04,0.01,1.41
2019-05-31,-1.37,-0.23,-0.11,0.05,0.39,0.01,0.58
2019-06-03,-0.34,0.39,1.68,-0.17,1.32,0.01,-1.22
2019-06-04,2.32,0.50,-0.03,0.28,-0.47,0.01,-1.14
2019-06-05,0.70,-1.06,-0.97,0.07,-0.22,0.01,1.71
2019-06-06,0.55,-1.08,0.02,0.07,-0.08,0.01,0.66
2019-06-07,1.04,-0.14,-1.19,0.36,-0.67,0.01,0.35
2019-06-10,0.54,0.01,0.07,0.38,-0.36,0.01,-0.37
2019-06-11,-0.12,-0.21,0.57,0.47,0.20,0.01,-0.47
2019-06-12,-0.20,0.30,-1.00,0.08,0.09,0.01,1.43
2019-06-13,0.52,0.68,-0.04,-0.13,-0.06,0.01,-1.40
2019-06-14,-0.27,-0.73,0.30,0.25,0.14,0.01,0.90
2019-06-17,0.15,0.48,-1.13,-0.67,-0.43,0.01,-0.28
2019-06-18,1.04,0.20,0.35,-0.24,-0.19,0.01,-0.98
2019-06-19,0.32,0.02,-0.60,-0.19,0.16,0.01,0.79
2019-06-20,0.90,-0.40,-0.22,-0.12,-0.12,0.01,-0.38
2019-06-21,-0.21,-0.46,-0.03,-0.09,0.02,0.01,-0.07
2019-06-24,-0.35,-0.90,0.08,0.63,-0.02,0.01,0.73
2019-06-25,-0.98,0.42,0.72,-0.10,0.61,0.01,-0.41
2019-06-26,-0.07,0.02,0.27,0.35,-0.40,0.01,-1.90
2019-06-27,0.59,1.43,-0.10,-0.35,-0.22,0.01,-0.02
2019-06-28,0.68,0.76,0.62,-0.47,0.13,0.01,-0.54
2019-07-01,0.75,-0.58,-0.13,-0.14,0.03,0.01,0.38
2019-07-02,0.14,-0.97,-0.81,-0.01,0.00,0.01,1.76
2019-07-03,0.79,-0.14,-0.32,-0.35,-0.05,0.01,0.21
2019-07-05,-0.10,0.33,0.91,0.13,-0.05,0.01,-0.28
2019-07-08,-0.58,-0.43,0.06,0.04,-0.22,0.01,0.62
2019-07-09,0.19,-0.24,-0.43,-0.64,-0.25,0.01,0.25
2019-07-10,0.40,-0.26,-0.36,0.12,-0.04,0.01,-0.09
2019-07-11,0.19,-0.77,0.04,-0.24,-0.54,0.01,0.26
2019-07-12,0.53,0.32,0.41,0.59,-0.07,0.01,-0.92
2019-07-15,-0.05,-0.48,-1.06,0.13,0.23,0.01,0.73
2019-07-16,-0.32,0.40,0.11,0.44,-0.04,0.01,0.05
2019-07-17,-0.64,-0.26,-0.65,-0.48,-0.23,0.01,0.88
2019-07-18,0.35,-0.26,0.01,-0.35,0.38,0.01,0.28
2019-07-19,-0.57,0.30,0.86,0.37,0.14,0.01,-1.00
2019-07-22,0.25,-0.56,-0.48,-0.19,0.03,0.01,0.20
2019-07-23,0.64,-0.06,0.80,0.66,0.37,0.01,-0.78
2019-07-24,0.66,0.92,0.86,-0.07,-0.08,0.01,-0.75
2019-07-25,-0.63,-0.68,-0.11,0.15,0.13,0.01,1.53
2019-07-26,0.82,0.32,-0.19,-0.63,-0.33,0.01,0.28
2019-07-29,-0.32,-0.34,-0.46,0.32,0.41,0.01,0.44
2019-07-30,-0.17,1.43,0.88,-0.17,0.07,0.01,-1.36
2019-07-31,-1.10,0.25,0.62,0.18,0.50,0.01,0.11
2019-08-01,-1.04,-0.76,-1.90,-0.54,-0.23,0.01,2.47
2019-08-02,-0.87,-0.25,0.07,0.15,0.23,0.01,0.31
2019-08-05,-3.07,0.06,0.01,-0.05,0.31,0.01,0.41
2019-08-06,1.29,-0.54,-0.59,-0.27,-0.20,0.01,1.07
2019-08-07,0.07,-0.11,-0.90,0.19,-0.17,0.01,0.37
2019-08-08,1.97,-0.04,-0.25,0.28,-0.31,0.01,0.18
2019-08-09,-0.78,-0.50,-0.22,-0.48,-0.01,0.01,1.03
2019-08-12,-1.31,0.21,-0.26,0.13,0.26,0.01,0.56
2019-08-13,1.47,-0.35,-0.53,0.34,0.00,0.01,0.05
2019-08-14,-2.95,0.03,-0.51,-0.36,0.02,0.01,1.30
2019-08-15,0.17,-0.70,-0.52,-0.07,-0.48,0.01,1.20
2019-08-16,1.55,0.64,0.60,0.13,-0.06,0.01,-1.08
2019-08-19,1.14,0.04,0.21,0.35,0.03,0.01,-1.17
2019-08-20,-0.75,0.18,-0.49,0.12,-0.21,0.01,0.43
2019-08-21,0.85,-0.03,-0.30,-0.03,-0.01,0.01,-0.08
2019-08-22,-0.10,-0.35,0.49,0.21,0.29,0.01,-0.04
2019-08-23,-2.66,-0.61,-0.18,-0.61,-0.26,0.01,0.95
2019-08-26,1.08,-0.04,-0.18,0.19,-0.11,0.01,0.39
2019-08-27,-0.46,-1.00,-0.66,0.27,0.09,0.01,0.93
2019-08-28,0.68,0.63,0.61,0.35,0.18,0.01,-0.88
2019-08-29,1.35,0.41,0.33,0.15,-0.12,0.01,-0.94
2019-08-30,0.03,-0.24,0.23,0.10,0.10,0.01,-0.25
2019-09-03,-0.86,-0.94,0.12,-0.19,0.46,0.01,0.55
2019-09-04,1.08,-0.14,0.43,0.25,-0.06,0.01,-0.92
2019-09-05,1.42,0.54,0.70,0.40,0.00,0.01,-1.96
2019-09-06,-0.02,-0.36,0.05,0.15,0.42,0.01,-0.40
2019-09-09,0.07,1.38,3.05,0.86,0.38,0.01,-3.81
2019-09-10,0.16,1.43,1.11,-0.03,0.52,0.01,-3.15
2019-09-11,0.87,1.37,-0.04,-0.23,0.29,0.01,-0.44
2019-09-12,0.22,-0.39,-0.12,-0.22,-0.12,0.01,1.00
2019-09-13,-0.02,0.19,0.74,-0.03,-0.08,0.01,-0.68
2019-09-16,-0.23,0.89,0.53,-0.33,-0.03,0.01,-1.87
2019-09-17,0.17,-0.80,-1.19,-0.18,-0.33,0.01,2.37
2019-09-18,-0.04,-0.77,0.06,-0.13,0.09,0.01,0.99
2019-09-19,-0.05,-0.49,-0.46,0.05,-0.11,0.01,0.55
2019-09-20,-0.48,0.29,0.15,-0.59,0.02,0.01,0.04
2019-09-23,-0.02,-0.12,0.50,0.27,0.34,0.01,-0.17
2019-09-24,-1.00,-0.74,0.01,0.18,0.53,0.01,1.14
2019-09-25,0.69,0.41,0.52,0.41,0.03,0.01,-0.64
2019-09-26,-0.40,-0.98,0.13,0.36,0.37,0.01,0.81
2019-09-27,-0.62,-0.16,0.88,0.24,0.59,0.01,-0.70
2019-09-30,0.50,-0.27,-0.48,0.61,0.01,0.01,0.20
2019-10-01,-1.31,-0.66,-0.59,0.10,-0.17,0.01,1.14
2019-10-02,-1.73,0.77,-0.36,-0.46,-0.26,0.01,0.80
2019-10-03,0.80,-0.39,-0.89,-0.19,-0.23,0.01,-0.23
2019-10-04,1.39,-0.51,-0.07,-0.03,0.04,0.01,0.92
2019-10-07,-0.41,0.13,-0.03,-0.06,-0.32,0.01,-0.13
2019-10-08,-1.61,-0.15,-0.13,0.44,0.06,0.01,0.66
2019-10-09,0.92,-0.58,-0.09,0.12,-0.12,0.01,0.40
2019-10-10,0.60,-0.25,0.25,0.12,-0.08,0.01,-0.38
2019-10-11,1.23,0.60,0.18,0.47,0.22,0.01,-1.16
2019-10-14,-0.18,-0.35,-0.03,-0.17,-0.09,0.01,0.16
2019-10-15,1.03,0.25,-0.25,-0.23,-0.73,0.01,-0.27
2019-10-16,-0.24,0.48,0.22,0.38,0.26,0.01,-0.15
2019-10-17,0.37,0.79,-0.29,0.11,-0.10,0.01,-0.14
2019-10-18,-0.49,-0.13,0.87,-0.08,0.39,0.01,0.46
2019-10-21,0.71,0.30,0.34,0.00,0.01,0.01,-0.46
2019-10-22,-0.34,0.51,0.84,0.42,0.34,0.01,-2.06
2019-10-23,0.25,-0.10,0.27,-0.01,0.09,0.01,-0.61
2019-10-24,0.25,-0.50,-0.89,-0.05,-0.61,0.01,1.05
2019-10-25,0.50,0.40,0.07,0.34,0.00,0.01,-0.81
2019-10-28,0.62,0.28,-0.25,0.01,0.01,0.01,-0.16
2019-10-29,-0.13,0.39,0.50,-0.06,0.10,0.01,-0.09
2019-10-30,0.28,-0.64,-1.15,-0.48,0.05,0.01,0.93
2019-10-31,-0.38,-0.34,-0.43,-0.27,0.12,0.01,0.52
2019-11-01,1.07,0.65,0.82,-0.18,0.07,0.01,-1.85
2019-11-04,0.39,0.32,1.35,0.60,0.11,0.01,-2.59
2019-11-05,-0.03,0.38,0.46,-0.02,0.01,0.01,-0.76
2019-11-06,-0.05,-0.80,0.24,-0.17,0.32,0.01,1.00
2019-11-07,0.38,-0.01,0.50,0.09,-0.20,0.01,-1.16
2019-11-08,0.31,-0.01,-0.37,-0.13,0.06,0.01,-0.16
2019-11-11,-0.19,-0.07,-0.19,-0.07,-0.04,0.01,0.79
2019-11-12,0.16,-0.18,-0.14,-0.17,-0.20,0.01,0.50
2019-11-13,0.01,-0.41,-0.82,-0.28,-0.03,0.01,1.07
2019-11-14,0.07,-0.15,-0.25,0.13,-0.33,0.01,0.51
2019-11-15,0.74,-0.29,-0.33,-0.02,0.05,0.01,-0.52
2019-11-18,0.03,-0.38,-0.51,-0.04,-0.22,0.01,0.92
2019-11-19,0.02,0.34,-0.94,-0.87,-0.18,0.01,0.50
2019-11-20,-0.33,-0.13,-0.44,-0.56,-0.32,0.01,0.00
2019-11-21,-0.15,-0.30,0.10,0.08,-0.14,0.01,-0.94
2019-11-22,0.24,0.16,0.21,0.17,0.04,0.01,-0.98
2019-11-25,0.92,1.27,-0.38,0.10,0.04,0.01,-0.35
2019-11-26,0.19,-0.09,-0.89,0.20,-0.16,0.01,0.93
2019-11-27,0.44,0.22,-0.02,0.03,0.00,0.01,-0.20
2019-11-29,-0.42,-0.11,-0.31,-0.47,0.01,0.01,0.00
2019-12-02,-0.87,-0.13,0.48,0.10,0.18,0.01,-0.43
2019-12-03,-0.66,0.42,-0.83,-0.50,-0.53,0.01,0.53
2019-12-04,0.60,0.23,0.25,0.16,0.06,0.01,-0.30
2019-12-05,0.13,-0.14,0.46,0.27,0.34,0.01,0.57
2019-12-06,0.91,0.38,0.36,0.33,0.26,0.01,-0.75
2019-12-09,-0.33,0.31,0.12,-0.13,-0.26,0.01,-0.36
2019-12-10,-0.08,0.29,-0.09,-0.19,0.07,0.01,-0.07
2019-12-11,0.28,-0.09,0.13,0.34,0.13,0.01,0.46
2019-12-12,0.90,0.14,1.13,0.13,0.21,0.01,-0.90
2019-12-13,-0.03,-0.45,-0.54,-0.28,-0.22,0.01,0.76
2019-12-16,0.74,-0.04,-0.05,-0.40,0.14,0.01,-0.34
2019-12-17,0.10,0.48,0.66,0.11,-0.04,0.01,-0.10
2019-12-18,-0.05,0.29,0.09,0.28,-0.03,0.01,-0.30
2019-12-19,0.43,-0.15,-0.42,-0.25,-0.02,0.01,-0.23
2019-12-20,0.48,-0.28,-0.31,-0.01,-0.04,0.01,0.22
2019-12-23,0.10,0.17,-0.34,-0.11,0.28,0.01,-0.70
2019-12-24,0.01,0.37,-0.01,-0.28,0.05,0.01,0.16
2019-12-26,0.49,-0.57,0.00,0.25,-0.18,0.01,0.30
2019-12-27,-0.09,-0.55,-0.07,0.25,0.15,0.01,0.36
2019-12-30,-0.57,0.29,0.56,0.12,0.42,0.01,0.04
2019-12-31,0.28,0.02,0.11,-0.12,0.21,0.01,-0.47
2020-01-02,0.86,-0.97,-0.34,0.23,-0.22,0.01,0.82
2020-01-03,-0.67,0.29,0.01,-0.14,-0.17,0.01,0.01
2020-01-06,0.36,-0.22,-0.55,-0.16,-0.31,0.01,-0.67
2020-01-07,-0.19,-0.04,-0.26,-0.13,-0.31,0.01,0.01
2020-01-08,0.47,-0.18,-0.64,-0.21,-0.15,0.01,0.94
2020-01-09,0.65,-0.71,-0.48,-0.15,0.07,0.01,0.73
2020-01-10,-0.34,-0.27,-0.34,0.05,-0.07,0.01,0.20
2020-01-13,0.73,-0.10,-0.09,0.34,0.30,0.01,0.65
2020-01-14,-0.06,0.48,-0.18,-0.32,-0.07,0.01,-0.93
2020-01-15,0.16,0.26,-0.82,-0.07,-0.20,0.01,0.14
2020-01-16,0.88,0.51,-0.11,0.04,-0.07,0.01,0.15
2020-01-17,0.28,-0.63,-0.12,0.22,0.02,0.01,0.88
2020-01-21,-0.32,-0.68,-0.62,-0.11,-0.31,0.01,0.83
2020-01-22,0.08,-0.24,0.00,-0.27,-0.01,0.01,0.61
2020-01-23,0.08,-0.06,-0.14,0.28,-0.06,0.01,0.26
2020-01-24,-0.97,-0.50,-0.28,0.17,-0.03,0.01,0.51
2020-01-27,-1.56,0.26,-0.41,-0.52,0.07,0.01,0.48
2020-01-28,1.02,-0.13,-0.43,0.17,-0.08,0.01,0.83
2020-01-29,-0.11,-0.43,-0.97,0.26,0.17,0.01,0.62
2020-01-30,0.34,-0.63,0.68,-0.45,-0.11,0.01,0.53
2020-01-31,-1.74,-0.52,-0.35,-0.43,-0.70,0.01,-0.29
2020-02-03,0.84,0.37,-0.67,-0.68,-0.35,0.01,0.25
2020-02-04,1.57,-0.13,-0.70,0.36,-0.13,0.01,-0.03
2020-02-05,0.97,0.76,1.48,0.95,0.63,0.01,-1.73
2020-02-06,0.27,-0.60,-0.84,-0.04,-0.35,0.01,0.43
2020-02-07,-0.55,-0.84,-0.02,-0.23,-0.54,0.01,0.38
2020-02-10,0.73,-0.18,-0.90,-0.11,-0.40,0.01,0.98
2020-02-11,0.27,0.34,1.04,0.24,0.17,0.01,-1.04
2020-02-12,0.66,0.15,-0.36,0.20,-0.02,0.01,-0.41
2020-02-13,-0.09,0.16,0.01,-0.11,-0.44,0.01,0.63
2020-02-14,0.14,-0.56,-0.66,-0.23,-0.29,0.01,0.54
2020-02-18,-0.19,-0.01,-0.64,-0.41,-0.64,0.01,0.25
2020-02-19,0.60,0.20,0.03,0.19,-0.32,0.01,-0.08
2020-02-20,-0.35,0.64,0.67,0.19,-0.11,0.01,-0.58
2020-02-21,-1.12,-0.05,0.02,-0.21,0.34,0.01,-0.21
2020-02-24,-3.39,0.16,0.01,-0.32,0.24,0.01,0.60
2020-02-25,-3.09,-0.36,-0.68,-0.62,0.04,0.01,0.76
2020-02-26,-0.52,-0.75,-1.20,-0.47,-0.08,0.01,1.18
2020-02-27,-4.22,0.71,0.06,-0.42,-0.13,0.01,-0.20
2020-02-28,-0.78,0.07,-0.80,0.23,-0.39,0.01,-0.45
2020-03-02,4.31,-1.89,-0.42,-0.52,0.52,0.01,1.91
2020-03-03,-2.80,0.68,-0.63,-0.40,0.25,0.01,0.83
2020-03-04,4.03,-1.24,-1.17,0.07,0.22,0.01,1.08
2020-03-05,-3.38,-0.15,-1.40,-0.85,0.11,0.01,0.45
2020-03-06,-1.78,-0.21,-1.48,0.71,0.37,0.01,0.51
2020-03-09,-7.79,-1.37,-4.75,0.08,0.52,0.01,3.46
2020-03-10,4.74,-2.38,0.78,0.50,0.12,0.01,0.33
2020-03-11,-5.06,-1.04,-0.81,0.04,0.15,0.01,0.24
2020-03-12,-9.63,-1.09,-1.14,-0.33,-0.24,0.01,0.08
2020-03-13,8.98,-2.03,2.94,1.12,0.78,0.01,-1.10
2020-03-16,-12.01,-0.81,-0.75,0.53,1.14,0.01,-2.27
2020-03-17,5.88,0.47,-0.67,-0.47,-0.02,0.01,1.27
2020-03-18,-5.56,-4.58,-4.74,0.11,0.18,0.01,-0.76
2020-03-19,1.31,5.71,0.95,-1.41,-1.64,0.01,0.26
2020-03-20,-4.15,0.21,-0.90,-0.99,-1.14,0.01,-0.75
2020-03-23,-2.56,1.66,-3.26,0.34,-1.18,0.01,1.53
2020-03-24,9.34,-0.24,2.38,0.53,0.24,0.01,0.15
2020-03-25,1.17,-0.18,1.87,-0.07,0.08,0.01,-0.21
2020-03-26,6.03,-0.50,1.08,-0.65,-0.02,0.01,0.44
2020-03-27,-3.48,-1.11,-0.76,-1.11,0.80,0.01,0.98
2020-03-30,3.17,-0.78,-2.11,-0.29,0.13,0.01,1.83
2020-03-31,-1.44,1.51,-0.38,0.40,-0.09,0.01,-1.07
2020-04-01,-4.50,-2.02,-1.31,0.29,0.27,0.00,0.17
2020-04-02,2.10,-0.93,-0.28,-0.25,0.94,0.00,-0.97
2020-04-03,-1.64,-1.37,-1.15,-0.24,0.41,0.00,-0.26
2020-04-06,7.10,1.17,0.28,1.30,-0.79,0.00,-0.31
2020-04-07,-0.11,0.11,2.10,0.90,-0.37,0.00,-1.86
2020-04-08,3.42,0.86,1.27,0.43,-0.26,0.00,-2.09
2020-04-09,1.59,2.47,3.19,-0.79,-0.10,0.00,-0.75
2020-04-13,-0.92,-1.48,-2.40,-0.45,0.00,0.00,0.82
2020-04-14,3.03,-0.74,-3.15,0.23,-0.30,0.00,2.11
2020-04-15,-2.15,-1.99,-2.55,-0.40,-0.30,0.00,2.37
2020-04-16,0.62,-0.84,-2.98,-0.28,-0.26,0.00,3.88
2020-04-17,2.73,1.55,2.77,-0.18,-0.03,0.00,-5.43
2020-04-20,-1.57,0.37,-0.91,-1.74,-0.50,0.00,1.48
2020-04-21,-3.09,0.94,0.16,0.29,0.42,0.00,-0.39
2020-04-22,2.31,-0.87,-1.66,0.11,0.04,0.00,0.39
2020-04-23,0.12,1.25,0.55,0.53,-0.35,0.00,-2.40
2020-04-24,1.43,0.25,-0.12,-0.19,0.19,0.00,0.33
2020-04-27,1.73,2.16,2.68,-0.14,0.11,0.00,-2.35
2020-04-28,-0.45,1.75,2.86,1.36,0.69,0.00,-3.30
2020-04-29,2.92,2.30,1.98,1.22,-0.85,0.00,-4.73
2020-04-30,-1.18,-2.09,-1.71,0.62,-0.08,0.00,0.81
2020-05-01,-2.91,-0.89,-0.96,-0.31,0.40,0.00,2.86
2020-05-04,0.54,-0.13,-1.29,-0.74,-0.39,0.00,0.15
2020-05-05,0.95,-0.29,-2.01,-0.48,-0.54,0.00,2.24
2020-05-06,-0.52,0.08,-2.72,0.19,-0.56,0.00,2.20
2020-05-07,1.33,0.16,0.41,-0.10,-0.71,0.00,-2.19
2020-05-08,1.90,1.90,2.46,0.83,0.39,0.00,-3.46
2020-05-11,0.06,-0.25,-3.79,-0.86,-0.10,0.00,2.51
2020-05-12,-2.07,-1.12,-1.36,-0.63,-0.01,0.00,0.93
2020-05-13,-1.89,-1.43,-2.08,-0.05,-0.23,0.00,3.14
2020-05-14,1.15,-1.07,0.92,0.64,0.12,0.00,-0.98
2020-05-15,0.57,1.33,-1.15,0.02,-0.76,0.00,0.66
2020-05-18,3.24,2.68,4.61,1.64,0.29,0.00,-6.25
2020-05-19,-1.01,-0.78,-1.51,0.53,-0.71,0.00,1.13
2020-05-20,1.80,1.22,1.31,-0.28,-0.33,0.00,-1.52
2020-05-21,-0.71,0.74,0.42,0.13,0.03,0.00,-1.23
2020-05-22,0.27,0.25,-0.85,-0.56,-0.38,0.00,0.86
2020-05-26,1.23,1.27,4.54,0.99,0.53,0.00,-4.80
2020-05-27,1.54,1.46,3.59,0.74,0.44,0.00,-2.53
2020-05-28,-0.41,-2.09,-2.41,-0.25,0.04,0.00,2.26
2020-05-29,0.59,-0.81,-1.98,-0.32,-0.47,0.00,2.35
2020-06-01,0.51,0.26,0.43,0.01,-0.22,0.00,-2.01
2020-06-02,0.81,0.06,0.55,0.11,0.29,0.00,-1.34
2020-06-03,1.41,0.78,2.62,0.71,0.22,0.00,-4.78
2020-06-04,-0.34,0.53,2.90,0.99,0.63,0.00,-3.42
2020-06-05,2.50,1.08,2.75,0.70,0.08,0.00,-5.17
2020-06-08,1.35,0.69,2.07,-0.48,0.58,0.00,-5.03
2020-06-09,-0.86,-0.80,-1.92,-0.02,-0.47,0.00,4.27
2020-06-10,-0.55,-1.82,-4.10,-0.31,-0.33,0.00,5.93
2020-06-11,-5.91,-1.49,-3.03,-0.20,-0.24,0.00,5.11
2020-06-12,1.29,0.80,1.82,0.13,0.02,0.00,-3.89
2020-06-15,1.08,1.43,-0.38,-0.77,-0.29,0.00,0.68
2020-06-16,1.88,0.61,0.49,0.63,0.20,0.00,-0.90
2020-06-17,-0.41,-1.35,-1.97,-0.56,-0.24,0.00,2.90
2020-06-18,0.18,0.01,-0.53,-0.40,-0.23,0.00,-0.10
2020-06-19,-0.45,-0.15,-0.67,-0.71,-0.29,0.00,1.16
2020-06-22,0.71,0.47,-1.36,-0.38,-0.36,0.00,1.48
2020-06-23,0.41,0.21,-0.60,0.59,-0.12,0.00,0.31
2020-06-24,-2.62,-0.70,-1.36,-0.06,0.31,0.00,3.02
2020-06-25,1.13,0.34,0.50,-0.82,0.17,0.00,-0.51
2020-06-26,-2.43,-0.19,-1.39,0.02,0.72,0.00,1.28
2020-06-29,1.50,1.48,1.86,1.49,0.39,0.00,-2.59
2020-06-30,1.58,-0.01,-0.01,-0.39,-0.27,0.00,1.21
2020-07-01,0.41,-1.69,-2.57,-0.41,-1.22,0.00,2.04
2020-07-02,0.51,0.01,-0.14,0.42,0.14,0.00,0.19
2020-07-06,1.66,-0.67,0.35,0.27,0.04,0.00,-0.06
2020-07-07,-1.01,-0.98,-1.50,-1.11,-0.08,0.00,2.62
2020-07-08,0.89,0.08,-0.46,-0.42,-0.29,0.00,0.73
2020-07-09,-0.54,-1.57,-2.61,-0.33,-0.55,0.00,3.00
2020-07-10,1.11,0.67,3.06,0.86,0.19,0.00,-2.76
2020-07-13,-1.19,-0.27,2.04,1.06,1.14,0.00,-1.33
2020-07-14,1.36,0.39,-0.29,-0.02,0.47,0.00,0.74
2020-07-15,1.14,2.73,1.26,0.18,0.07,0.00,-3.46
2020-07-16,-0.38,-0.16,0.81,0.24,0.34,0.00,0.40
2020-07-17,0.30,-0.16,-1.43,-1.09,0.01,0.00,1.85
2020-07-20,1.03,-1.11,-2.38,-0.83,-1.25,0.00,2.98
2020-07-21,0.15,1.47,3.28,0.53,0.89,0.00,-3.73
2020-07-22,0.50,-0.64,-0.37,0.49,0.02,0.00,0.57
2020-07-23,-1.20,1.22,1.98,-0.21,0.17,0.00,-1.82
2020-07-24,-0.74,-0.80,0.45,0.27,0.02,0.00,-0.01
2020-07-27,0.88,0.29,-2.02,-0.19,0.10,0.00,2.24
2020-07-28,-0.81,-0.46,1.01,0.29,0.11,0.00,-0.83
2020-07-29,1.36,0.64,0.90,0.24,0.16,0.00,-0.85
2020-07-30,-0.29,-0.01,-1.84,-0.57,-0.16,0.00,2.48
2020-07-31,0.62,-1.83,-0.66,0.77,0.65,0.00,1.12
2020-08-03,0.97,1.09,-0.83,-0.27,0.36,0.00,1.76
2020-08-04,0.37,0.44,0.06,0.12,0.09,0.00,-0.94
2020-08-05,0.78,1.24,0.82,0.19,-0.13,0.00,-1.30
2020-08-06,0.53,-0.59,-0.85,0.57,0.05,0.00,0.40
2020-08-07,0.02,1.58,2.40,0.52,0.20,0.00,-2.08
2020-08-10,0.23,1.32,1.73,0.84,1.23,0.00,-2.77
2020-08-11,-0.83,0.20,1.61,0.90,0.03,0.00,-2.18
2020-08-12,1.40,-0.83,-1.33,0.93,-0.13,0.00,1.86
2020-08-13,-0.02,-0.15,-1.32,-0.63,-0.53,0.00,1.54
2020-08-14,-0.04,0.06,1.08,0.42,0.18,0.00,-1.22
2020-08-17,0.45,0.04,-1.94,-0.80,-0.50,0.00,2.35
2020-08-18,0.23,-1.33,-1.42,0.02,-0.56,0.00,1.71
2020-08-19,-0.38,0.49,0.09,-0.04,-0.14,0.00,0.03
2020-08-20,0.31,-0.97,-1.55,0.10,-0.50,0.00,1.38
2020-08-21,0.26,-1.24,-0.44,0.60,0.68,0.00,0.80
2020-08-24,0.92,0.21,2.59,1.12,0.57,0.00,-3.32
2020-08-25,0.35,0.00,-0.64,-0.46,-0.69,0.00,1.03
2020-08-26,1.00,-1.72,-1.75,-0.13,-0.87,0.00,2.26
2020-08-27,0.18,0.00,0.95,0.57,-0.50,0.00,-2.15
2020-08-28,0.70,0.36,-0.22,0.14,-0.08,0.00,-0.92
2020-08-31,-0.04,-0.94,-1.75,-0.70,-0.16,0.00,1.79
2020-09-01,0.92,0.21,-0.32,0.61,0.09,0.00,1.31
2020-09-02,1.27,-0.26,-0.45,0.77,-0.38,0.00,-0.30
2020-09-03,-3.70,0.44,2.60,-0.10,-0.04,0.00,-3.56
2020-09-04,-0.87,0.36,2.07,0.78,0.88,0.00,-2.31
2020-09-08,-2.93,0.90,-0.29,-0.72,-0.59,0.00,-0.07
2020-09-09,2.07,-0.61,-1.99,-0.17,-0.22,0.00,3.04
2020-09-10,-1.64,0.38,-0.06,-0.39,-0.36,0.00,0.38
2020-09-11,-0.05,-0.62,0.90,0.23,0.47,0.00,-0.44
2020-09-14,1.58,1.01,-0.80,-0.82,0.01,0.00,-0.11
2020-09-15,0.57,-0.63,-1.46,0.13,-0.41,0.00,1.15
2020-09-16,-0.40,1.22,1.32,-0.93,0.24,0.00,-2.53
2020-09-17,-0.85,0.47,0.20,0.06,0.61,0.00,-0.49
2020-09-18,-0.89,0.78,-0.21,-1.11,-0.45,0.00,0.94
2020-09-21,-1.07,-2.69,-1.90,-0.47,-0.31,0.00,3.01
2020-09-22,1.01,-0.49,-1.60,0.59,-0.52,0.00,1.89
2020-09-23,-2.47,-0.66,0.16,0.19,-0.18,0.00,0.29
2020-09-24,0.26,-0.19,0.38,0.51,0.14,0.00,-0.07
2020-09-25,1.71,-0.17,-1.34,-0.49,-0.70,0.00,0.80
2020-09-28,1.65,0.87,1.05,0.41,0.21,0.00,-0.87
2020-09-29,-0.42,0.40,-1.32,-0.78,-0.59,0.00,1.66
2020-09-30,0.79,-0.68,0.16,0.34,0.11,0.00,0.17
2020-10-01,0.78,0.80,-0.54,-0.02,-0.56,0.00,1.17
2020-10-02,-0.97,1.69,2.43,0.58,0.34,0.00,-2.71
2020-10-05,1.94,0.90,-0.09,-0.47,0.09,0.00,0.61
2020-10-06,-1.28,0.83,0.25,-0.52,-0.06,0.00,-0.06
2020-10-07,1.84,0.53,0.16,-0.31,0.09,0.00,0.10
2020-10-08,0.80,0.25,1.07,0.27,0.31,0.00,-1.93
2020-10-09,0.93,-0.32,-1.42,-0.15,-0.30,0.00,2.01
2020-10-12,1.54,-1.01,-0.09,0.79,0.36,0.00,0.38
2020-10-13,-0.42,-0.19,-1.74,-0.86,-0.94,0.00,2.35
2020-10-14,-0.65,0.01,0.03,0.34,0.68,0.00,-0.37
2020-10-15,-0.08,1.17,1.14,0.15,0.16,0.00,-0.98
2020-10-16,-0.06,-0.13,0.05,-0.05,-0.11,0.00,0.07
2020-10-19,-1.53,0.35,0.32,-0.33,-0.20,0.00,-0.34
2020-10-20,0.35,-0.08,1.26,0.54,0.18,0.00,-1.17
2020-10-21,-0.35,-0.48,0.41,0.51,0.01,0.00,-0.50
2020-10-22,0.66,0.95,1.03,-0.59,-0.08,0.00,-2.79
2020-10-23,0.38,0.38,0.04,-0.15,-0.35,0.00,0.11
2020-10-26,-1.85,-0.48,-0.39,-0.15,-0.01,0.00,1.09
2020-10-27,-0.23,-0.62,-2.33,-0.39,-0.71,0.00,2.75
2020-10-28,-3.42,0.18,0.57,-0.46,0.00,0.00,0.21
2020-10-29,1.13,0.15,0.27,0.28,0.57,0.00,-1.15
2020-10-30,-1.45,-0.23,1.85,0.27,-0.05,0.00,-2.38
2020-11-02,1.17,0.87,1.00,0.41,0.41,0.00,-1.40
2020-11-03,1.93,1.01,-0.19,-0.20,0.02,0.00,0.20
2020-11-04,2.25,-2.56,-5.03,-0.69,-1.77,0.00,4.87
2020-11-05,2.12,1.04,0.54,0.36,0.50,0.00,-0.15
2020-11-06,0.01,-1.09,-0.92,-0.24,-0.09,0.00,1.05
2020-11-09,0.83,2.81,6.73,0.76,0.86,0.00,-14.37
2020-11-10,-0.16,2.09,2.15,0.30,1.31,0.00,-1.92
2020-11-11,0.88,-1.08,-1.78,-0.63,-0.19,0.00,3.34
2020-11-12,-0.94,-0.56,-1.19,-0.67,-0.24,0.00,1.83
2020-11-13,1.31,0.92,1.15,0.57,0.41,0.00,-2.16
2020-11-16,1.22,1.27,1.98,0.69,0.86,0.00,-3.30
2020-11-17,-0.20,0.61,-0.01,-0.41,-0.43,0.00,-0.27
2020-11-18,-0.94,-0.05,0.03,0.06,-0.39,0.00,0.24
2020-11-19,0.58,0.28,-0.77,-0.66,-0.22,0.00,0.37
2020-11-20,-0.51,0.59,-0.60,-0.74,-0.10,0.00,0.73
2020-11-23,0.82,1.41,1.55,0.33,0.03,0.00,-2.73
2020-11-24,1.56,0.49,2.78,0.52,0.51,0.00,-3.83
2020-11-25,0.02,-0.27,-1.32,-0.39,-0.54,0.00,1.53
2020-11-27,0.42,0.14,-1.62,-0.76,-0.32,0.00,1.78
2020-11-30,-0.52,-1.55,-2.07,-0.49,0.46,0.00,3.06
2020-12-01,0.99,-0.06,0.52,1.04,0.53,0.00,-0.78
2020-12-02,0.11,0.21,1.07,0.37,0.55,0.00,-2.23
2020-12-03,0.17,0.56,-0.10,-0.27,0.20,0.00,-0.56
2020-12-04,1.01,1.61,0.83,-0.34,0.60,0.00,-1.85
2020-12-07,0.02,-0.06,-1.02,-0.57,-0.49,0.00,1.53
2020-12-08,0.47,0.88,-0.69,-0.71,-0.05,0.00,0.14
2020-12-09,-1.03,0.32,1.28,0.85,0.35,0.00,-1.37
2020-12-10,0.24,0.94,-0.46,-1.51,-0.24,0.00,-0.18
2020-12-11,-0.18,-0.57,-0.73,-0.58,-0.56,0.00,0.63
2020-12-14,-0.26,0.21,-1.51,-0.39,-0.83,0.00,1.01
2020-12-15,1.29,1.14,0.38,0.45,0.54,0.00,-0.34
2020-12-16,0.16,-0.56,-0.39,0.03,-0.17,0.00,0.58
2020-12-17,0.78,0.50,-0.70,-0.58,-0.19,0.00,1.20
2020-12-18,-0.14,-0.19,-1.17,-0.38,-0.73,0.00,1.10
2020-12-21,-0.24,0.24,-0.06,-1.00,0.30,0.00,1.16
2020-12-22,0.05,0.85,-1.63,-0.84,-0.10,0.00,1.88
2020-12-23,0.11,0.87,2.03,0.27,0.41,0.00,-2.24
2020-12-24,0.23,-0.44,-0.19,0.24,-0.08,0.00,0.21
2020-12-28,0.49,-0.67,0.36,1.38,0.48,0.00,-0.48
2020-12-29,-0.39,-1.42,0.24,0.78,-0.27,0.00,-0.41
2020-12-30,0.27,1.07,0.06,-0.66,-0.04,0.00,-0.25
2020-12-31,0.40,-0.69,0.44,0.56,-0.22,0.00,-0.58