Date,SPY,^GSPC,^VIX
2016-01-04,169.90817260742188,2012.6600341796875,20.700000762939453
2016-01-05,170.1954803466797,2016.7099609375,19.34000015258789
2016-01-06,168.04872131347656,1990.260009765625,20.59000015258789
2016-01-07,164.01687622070312,1943.0899658203125,24.989999771118164
2016-01-08,162.21656799316406,1922.030029296875,27.010000228881836
2016-01-11,162.377197265625,1923.6700439453125,24.299999237060547
2016-01-12,163.68728637695312,1938.6800537109375,22.469999313354492
2016-01-13,159.60475158691406,1890.280029296875,25.219999313354492
2016-01-14,162.2249755859375,1921.8399658203125,23.950000762939453
2016-01-15,158.74267578125,1880.3299560546875,27.020000457763672
2016-01-19,158.95399475097656,1881.3299560546875,26.049999237060547
2016-01-20,156.91696166992188,1859.3299560546875,27.59000015258789
2016-01-21,157.7959747314453,1868.989990234375,26.690000534057617
2016-01-22,161.03326416015625,1906.9000244140625,22.34000015258789
2016-01-25,158.59896850585938,1877.0799560546875,24.149999618530273
2016-01-26,160.7627716064453,1903.6300048828125,22.5
2016-01-27,159.01309204101562,1882.949951171875,23.110000610351562
2016-01-28,159.84149169921875,1893.3599853515625,22.420000076293945
2016-01-29,163.73802185058594,1940.239990234375,20.200000762939453
2016-02-01,163.6788330078125,1939.3800048828125,19.979999542236328
2016-02-02,160.72894287109375,1903.030029296875,21.979999542236328
2016-02-03,161.69248962402344,1912.530029296875,21.649999618530273
2016-02-04,161.94607543945312,1915.449951171875,21.84000015258789
2016-02-05,158.86094665527344,1880.050048828125,23.3799991607666
2016-02-08,156.7225799560547,1853.43994140625,26.0
2016-02-09,156.73101806640625,1852.2099609375,26.540000915527344
2016-02-10,156.59573364257812,1851.8599853515625,26.290000915527344
2016-02-11,154.55880737304688,1829.0799560546875,28.139999389648438
2016-02-12,157.7453155517578,1864.780029296875,25.399999618530273
2016-02-16,160.4077606201172,1895.5799560546875,24.110000610351562
2016-02-17,163.0279541015625,1926.8199462890625,22.309999465942383
2016-02-18,162.36026000976562,1917.8299560546875,21.639999389648438
2016-02-19,162.28421020507812,1917.780029296875,20.530000686645508
2016-02-22,164.63397216796875,1945.5,19.3799991607666
2016-02-23,162.55465698242188,1921.27001953125,20.979999542236328
2016-02-24,163.29844665527344,1929.800048828125,20.719999313354492
2016-02-25,165.27627563476562,1951.699951171875,19.110000610351562
2016-02-26,164.8959197998047,1948.050048828125,19.809999465942383
2016-02-29,163.6027374267578,1932.22998046875,20.549999237060547
2016-03-01,167.44850158691406,1978.3499755859375,17.700000762939453
2016-03-02,168.2008056640625,1986.449951171875,17.09000015258789
2016-03-03,168.8600311279297,1993.4000244140625,16.700000762939453
2016-03-04,169.4095001220703,1999.989990234375,16.860000610351562
2016-03-07,169.5447540283203,2001.760009765625,17.350000381469727
2016-03-08,167.69369506835938,1979.260009765625,18.670000076293945
2016-03-09,168.52194213867188,1989.260009765625,18.34000015258789
2016-03-10,168.6572265625,1989.5699462890625,18.049999237060547
2016-03-11,171.37890625,2022.18994140625,16.5
2016-03-14,171.1591033935547,2019.6400146484375,16.920000076293945
2016-03-15,170.8802032470703,2015.9300537109375,16.84000015258789
2016-03-16,171.86907958984375,2027.219970703125,14.989999771118164
2016-03-17,172.95941162109375,2040.5899658203125,14.4399995803833
2016-03-18,173.6391143798828,2049.580078125,14.020000457763672
2016-03-21,173.88546752929688,2051.60009765625,13.789999961853027
2016-03-22,173.79200744628906,2049.800048828125,14.170000076293945
2016-03-23,172.6450958251953,2036.7099609375,14.9399995803833
2016-03-24,172.56866455078125,2035.93994140625,14.739999771118164
2016-03-28,172.67059326171875,2037.050048828125,15.239999771118164
2016-03-29,174.26780700683594,2055.010009765625,13.819999694824219
2016-03-30,175.03240966796875,2063.949951171875,13.5600004196167
2016-03-31,174.60765075683594,2059.739990234375,13.949999809265137
2016-04-01,175.79702758789062,2072.780029296875,13.100000381469727
2016-04-04,175.22781372070312,2066.1298828125,14.119999885559082
2016-04-05,173.47769165039062,2045.1700439453125,15.420000076293945
2016-04-06,175.37222290039062,2066.659912109375,14.09000015258789
2016-04-07,173.2737579345703,2041.9100341796875,16.15999984741211
2016-04-08,173.7410430908203,2047.5999755859375,15.359999656677246
2016-04-11,173.33328247070312,2041.989990234375,16.260000228881836
2016-04-12,174.94749450683594,2061.719970703125,14.850000381469727
2016-04-13,176.7145538330078,2082.419921875,13.84000015258789
2016-04-14,176.72311401367188,2082.780029296875,13.720000267028809
2016-04-15,176.5276641845703,2080.72998046875,13.619999885559082
2016-04-18,177.7681121826172,2094.340087890625,13.350000381469727
2016-04-19,178.32879638671875,2100.800048828125,13.239999771118164
2016-04-20,178.49876403808594,2102.39990234375,13.279999732971191
2016-04-21,177.5386962890625,2091.47998046875,13.949999809265137
2016-04-22,177.5386962890625,2091.580078125,13.220000267028809
2016-04-25,177.2328643798828,2087.7900390625,14.079999923706055
2016-04-26,177.4962921142578,2091.699951171875,13.960000038146973
2016-04-27,177.86158752441406,2095.14990234375,13.770000457763672
2016-04-28,176.2473602294922,2075.81005859375,15.220000267028809
2016-04-29,175.2958221435547,2065.300048828125,15.699999809265137
2016-05-02,176.68914794921875,2081.429931640625,14.680000305175781
2016-05-03,175.1513214111328,2063.3701171875,15.600000381469727
2016-05-04,174.17431640625,2051.1201171875,16.049999237060547
2016-05-05,174.14031982421875,2050.6298828125,15.90999984741211
2016-05-06,174.77760314941406,2057.139892578125,14.720000267028809
2016-05-09,174.92202758789062,2058.68994140625,14.569999694824219
2016-05-10,177.09698486328125,2084.389892578125,13.630000114440918
2016-05-11,175.44024658203125,2064.4599609375,14.6899995803833
2016-05-12,175.4912109375,2064.110107421875,14.40999984741211
2016-05-13,173.96192932128906,2046.6099853515625,15.039999961853027
2016-05-16,175.67811584472656,2066.659912109375,14.680000305175781
2016-05-17,174.03842163085938,2047.2099609375,15.569999694824219
2016-05-18,174.08938598632812,2047.6300048828125,15.949999809265137
2016-05-19,173.48622131347656,2040.0400390625,16.329999923706055
2016-05-20,174.58212280273438,2052.320068359375,15.199999809265137
2016-05-23,174.34426879882812,2048.0400390625,15.819999694824219
2016-05-24,176.60418701171875,2076.06005859375,14.420000076293945
2016-05-25,177.80209350585938,2090.5400390625,13.899999618530273
2016-05-26,177.85305786132812,2090.10009765625,13.430000305175781
2016-05-27,178.6177215576172,2099.06005859375,13.119999885559082
2016-05-31,178.27783203125,2096.949951171875,14.1899995803833
2016-06-01,178.64317321777344,2099.330078125,14.199999809265137
2016-06-02,179.18690490722656,2105.260009765625,13.630000114440918
2016-06-03,178.6516876220703,2099.1298828125,13.470000267028809
2016-06-06,179.56077575683594,2109.409912109375,13.649999618530273
2016-06-07,179.841064453125,2112.1298828125,14.050000190734863
2016-06-08,180.4273681640625,2119.1201171875,14.079999923706055
2016-06-09,180.18093872070312,2115.47998046875,14.640000343322754
2016-06-10,178.4732208251953,2096.070068359375,17.030000686645508
2016-06-13,177.09698486328125,2079.06005859375,20.969999313354492
2016-06-14,176.74853515625,2075.320068359375,20.5
2016-06-15,176.502197265625,2071.5,20.139999389648438
2016-06-16,177.0289306640625,2077.989990234375,19.3700008392334
2016-06-17,176.36968994140625,2071.219970703125,19.40999984741211
2016-06-20,177.50550842285156,2083.25,18.3700008392334
2016-06-21,178.00936889648438,2088.89990234375,18.479999542236328
2016-06-22,177.71897888183594,2085.449951171875,21.170000076293945
2016-06-23,180.03338623046875,2113.320068359375,17.25
2016-06-24,173.56849670410156,2037.4100341796875,25.760000228881836
2016-06-27,170.45994567871094,2000.5400390625,23.850000381469727
2016-06-28,173.534423828125,2036.0899658203125,18.75
2016-06-29,176.48922729492188,2070.77001953125,16.639999389648438
2016-06-30,178.89749145507812,2098.860107421875,15.630000114440918
2016-07-01,179.2733154296875,2102.949951171875,14.770000457763672
2016-07-05,177.98379516601562,2088.550048828125,15.579999923706055
2016-07-06,179.05126953125,2099.72998046875,14.960000038146973
2016-07-07,178.940185546875,2097.89990234375,14.760000228881836
2016-07-08,181.60470581054688,2129.89990234375,13.199999809265137
2016-07-11,182.2452392578125,2137.159912109375,13.539999961853027
2016-07-12,183.5688934326172,2152.139892578125,13.550000190734863
2016-07-13,183.54336547851562,2152.429931640625,13.039999961853027
2016-07-14,184.5681610107422,2163.75,12.819999694824219
2016-07-15,184.3205108642578,2161.739990234375,12.670000076293945
2016-07-18,184.8158416748047,2166.889892578125,12.4399995803833
2016-07-19,184.62791442871094,2163.780029296875,11.970000267028809
2016-07-20,185.3965301513672,2173.02001953125,11.770000457763672
2016-07-21,184.69622802734375,2165.169921875,12.739999771118164
2016-07-22,185.524658203125,2175.030029296875,12.020000457763672
2016-07-25,185.02072143554688,2168.47998046875,12.869999885559082
2016-07-26,185.10617065429688,2169.179931640625,13.050000190734863
2016-07-27,184.9097900390625,2166.580078125,12.829999923706055
2016-07-28,185.12327575683594,2170.06005859375,12.720000267028809
2016-07-29,185.42208862304688,2173.60009765625,11.869999885559082
2016-08-01,185.26841735839844,2170.840087890625,12.4399995803833
2016-08-02,184.0813446044922,2157.030029296875,13.369999885559082
2016-08-03,184.61935424804688,2163.7900390625,12.859999656677246
2016-08-04,184.8158416748047,2164.25,12.420000076293945
2016-08-05,186.3273468017578,2182.8701171875,11.390000343322754
2016-08-08,186.2163848876953,2180.889892578125,11.5
2016-08-09,186.3273468017578,2181.739990234375,11.65999984741211
2016-08-10,185.8662872314453,2175.489990234375,12.050000190734863
2016-08-11,186.72877502441406,2185.7900390625,11.680000305175781
2016-08-12,186.5665283203125,2184.050048828125,11.550000190734863
2016-08-15,187.10455322265625,2190.14990234375,11.8100004196167
2016-08-16,186.13951110839844,2178.14990234375,12.640000343322754
2016-08-17,186.48963928222656,2182.219970703125,12.1899995803833
2016-08-18,186.90811157226562,2187.02001953125,11.430000305175781
2016-08-19,186.63485717773438,2183.8701171875,11.34000015258789
2016-08-22,186.6262969970703,2182.639892578125,12.270000457763672
2016-08-23,187.00210571289062,2186.89990234375,12.380000114440918
2016-08-24,186.0455780029297,2175.43994140625,13.449999809265137
2016-08-25,185.91749572753906,2172.469970703125,13.630000114440918
2016-08-26,185.5673370361328,2169.0400390625,13.649999618530273
2016-08-29,186.4810791015625,2180.3798828125,12.9399995803833
2016-08-30,186.1737060546875,2176.1201171875,13.119999885559082
2016-08-31,185.64418029785156,2170.949951171875,13.420000076293945
2016-09-01,185.65272521972656,2170.860107421875,13.479999542236328
2016-09-02,186.48963928222656,2179.97998046875,11.979999542236328
2016-09-06,187.05332946777344,2186.47998046875,12.020000457763672
2016-09-07,187.03622436523438,2186.159912109375,11.9399995803833
2016-09-08,186.60919189453125,2181.300048828125,12.510000228881836
2016-09-09,182.14271545410156,2127.81005859375,17.5
2016-09-12,184.75601196289062,2159.0400390625,15.15999984741211
2016-09-13,182.1000213623047,2127.02001953125,17.850000381469727
2016-09-14,182.03175354003906,2125.77001953125,18.139999389648438
2016-09-15,183.85079956054688,2147.260009765625,16.299999237060547
2016-09-16,183.1400604248047,2139.159912109375,15.369999885559082
2016-09-19,183.1744384765625,2139.1201171875,15.529999732971191
2016-09-20,183.1829833984375,2139.760009765625,15.920000076293945
2016-09-21,185.2430419921875,2163.1201171875,13.300000190734863
2016-09-22,186.41021728515625,2177.179931640625,12.020000457763672
2016-09-23,185.38885498046875,2164.68994140625,12.289999961853027
2016-09-26,183.88685607910156,2146.10009765625,14.5
2016-09-27,185.02838134765625,2159.929931640625,13.100000381469727
2016-09-28,185.9468231201172,2171.3701171875,12.390000343322754
2016-09-29,184.26446533203125,2151.1298828125,14.020000457763672
2016-09-30,185.6549530029297,2168.27001953125,13.289999961853027
2016-10-03,185.2086639404297,2161.199951171875,13.569999694824219
2016-10-04,184.26446533203125,2150.489990234375,13.630000114440918
2016-10-05,185.07989501953125,2159.72998046875,12.989999771118164
2016-10-06,185.2086639404297,2160.77001953125,12.84000015258789
2016-10-07,184.573486328125,2153.739990234375,13.479999542236328
2016-10-10,185.5347442626953,2163.659912109375,13.380000114440918
2016-10-11,183.19154357910156,2136.72998046875,15.359999656677246
2016-10-12,183.43191528320312,2139.179931640625,15.90999984741211
2016-10-13,182.8311004638672,2132.550048828125,16.690000534057617
2016-10-14,182.92544555664062,2132.97998046875,16.1200008392334
2016-10-17,182.29037475585938,2126.5,16.209999084472656
2016-10-18,183.43191528320312,2139.60009765625,15.279999732971191
2016-10-19,183.92117309570312,2144.2900390625,14.40999984741211
2016-10-20,183.57785034179688,2141.340087890625,13.75
2016-10-21,183.66360473632812,2141.159912109375,13.34000015258789
2016-10-24,184.4447021484375,2151.330078125,13.020000457763672
2016-10-25,183.8267364501953,2143.159912109375,13.460000038146973
2016-10-26,183.45767211914062,2139.429931640625,14.239999771118164
2016-10-27,182.96844482421875,2133.0400390625,15.359999656677246
2016-10-28,182.4276885986328,2126.409912109375,16.190000534057617
2016-10-31,182.436279296875,2126.14990234375,17.059999465942383
2016-11-01,181.11444091796875,2111.719970703125,18.559999465942383
2016-11-02,180.02442932128906,2097.93994140625,19.31999969482422
2016-11-03,179.2003631591797,2088.659912109375,22.079999923706055
2016-11-04,179.00299072265625,2085.179931640625,22.510000228881836
2016-11-07,182.95126342773438,2131.52001953125,18.709999084472656
2016-11-08,183.77523803710938,2139.56005859375,18.739999771118164
2016-11-09,185.72361755371094,2163.260009765625,14.380000114440918
2016-11-10,186.18710327148438,2167.47998046875,14.739999771118164
2016-11-11,185.7579803466797,2164.449951171875,14.170000076293945
2016-11-14,185.90386962890625,2164.199951171875,14.479999542236328
2016-11-15,187.35446166992188,2180.389892578125,13.369999885559082
2016-11-16,187.00257873535156,2176.93994140625,13.720000267028809
2016-11-17,187.9638671875,2187.1201171875,13.350000381469727
2016-11-18,187.5432891845703,2181.89990234375,12.850000381469727
2016-11-21,188.9595184326172,2198.179931640625,12.420000076293945
2016-11-22,189.32864379882812,2202.93994140625,12.40999984741211
2016-11-23,189.4315185546875,2204.719970703125,12.430000305175781
2016-11-25,190.13543701171875,2213.35009765625,12.34000015258789
2016-11-28,189.2427215576172,2201.719970703125,13.149999618530273
2016-11-29,189.61183166503906,2204.659912109375,12.899999618530273
2016-11-30,189.1569061279297,2198.81005859375,13.329999923706055
2016-12-01,188.461669921875,2191.080078125,14.069999694824219
2016-12-02,188.55612182617188,2191.949951171875,14.119999885559082
2016-12-05,189.68907165527344,2204.7099609375,12.140000343322754
2016-12-06,190.28990173339844,2212.22998046875,11.789999961853027
2016-12-07,192.77902221679688,2241.35009765625,12.220000267028809
2016-12-08,193.2510986328125,2246.18994140625,12.640000343322754
2016-12-09,194.41842651367188,2259.530029296875,11.75
2016-12-12,194.19525146484375,2256.9599609375,12.640000343322754
2016-12-13,195.49127197265625,2271.719970703125,12.720000267028809
2016-12-14,193.87767028808594,2253.280029296875,13.1899995803833
2016-12-15,194.6759033203125,2262.030029296875,12.789999961853027
2016-12-16,194.29519653320312,2258.070068359375,12.199999809265137
2016-12-19,194.71826171875,2262.530029296875,11.710000038146973
2016-12-20,195.4693603515625,2270.760009765625,11.449999809265137
2016-12-21,194.92544555664062,2265.179931640625,11.270000457763672
2016-12-22,194.58871459960938,2260.9599609375,11.430000305175781
2016-12-23,194.87367248535156,2263.7900390625,11.4399995803833
2016-12-27,195.35714721679688,2268.8798828125,11.989999771118164
2016-12-28,193.74256896972656,2249.919921875,12.949999809265137
2016-12-29,193.69944763183594,2249.260009765625,13.369999885559082
2016-12-30,192.9915008544922,2238.830078125,14.039999961853027
2017-01-03,194.4678497314453,2257.830078125,12.850000381469727
2017-01-04,195.62478637695312,2270.75,11.850000381469727
2017-01-05,195.4693603515625,2269.0,11.670000076293945
2017-01-06,196.16873168945312,2276.97998046875,11.319999694824219
2017-01-09,195.5211639404297,2268.89990234375,11.5600004196167
2017-01-10,195.5211639404297,2268.89990234375,11.489999771118164
2017-01-11,196.07371520996094,2275.320068359375,11.260000228881836
2017-01-12,195.58164978027344,2270.43994140625,11.539999961853027
2017-01-13,196.0305938720703,2274.639892578125,11.229999542236328
2017-01-17,195.33985900878906,2267.889892578125,11.869999885559082
2017-01-18,195.77157592773438,2271.889892578125,12.479999542236328
2017-01-19,195.04632568359375,2263.68994140625,12.779999732971191
2017-01-20,195.7628936767578,2271.31005859375,11.539999961853027
2017-01-23,195.25355529785156,2265.199951171875,11.770000457763672
2017-01-24,196.50540161132812,2280.070068359375,11.069999694824219
2017-01-25,198.20631408691406,2298.3701171875,10.8100004196167
2017-01-26,197.99908447265625,2296.679931640625,10.630000114440918
2017-01-27,197.68832397460938,2294.68994140625,10.579999923706055
2017-01-30,196.46226501464844,2280.89990234375,11.880000114440918
2017-01-31,196.4449920654297,2278.8701171875,11.989999771118164
2017-02-01,196.52267456054688,2279.550048828125,11.8100004196167
2017-02-02,196.6521759033203,2280.85009765625,11.930000305175781
2017-02-03,198.00770568847656,2297.419921875,10.970000267028809
2017-02-06,197.65370178222656,2292.56005859375,11.369999885559082
2017-02-07,197.66236877441406,2293.080078125,11.289999961853027
2017-02-08,197.92137145996094,2294.669921875,11.449999809265137
2017-02-09,199.09555053710938,2307.8701171875,10.880000114440918
2017-02-10,199.88119506835938,2316.10009765625,10.850000381469727
2017-02-13,200.96910095214844,2328.25,11.069999694824219
2017-02-14,201.77206420898438,2337.580078125,10.739999771118164
2017-02-15,202.82537841796875,2349.25,11.970000267028809
2017-02-16,202.65274047851562,2347.219970703125,11.760000228881836
2017-02-17,202.97213745117188,2351.159912109375,11.489999771118164
2017-02-21,204.180908203125,2365.3798828125,11.569999694824219
2017-02-22,203.9995880126953,2362.820068359375,11.739999771118164
2017-02-23,204.13772583007812,2363.81005859375,11.710000038146973
2017-02-24,204.39674377441406,2367.340087890625,11.470000267028809
2017-02-27,204.71617126464844,2369.75,12.09000015258789
2017-02-28,204.1636199951172,2363.639892578125,12.920000076293945
2017-03-01,207.02142333984375,2395.9599609375,12.539999961853027
2017-03-02,205.71771240234375,2381.919921875,11.8100004196167
2017-03-03,205.8472442626953,2383.1201171875,10.960000038146973
2017-03-06,205.23422241210938,2375.31005859375,11.239999771118164
2017-03-07,204.6211700439453,2368.389892578125,11.449999809265137
2017-03-08,204.24134826660156,2362.97998046875,11.859999656677246
2017-03-09,204.50033569335938,2364.8701171875,12.300000190734863
2017-03-10,205.21693420410156,2372.60009765625,11.65999984741211
2017-03-13,205.32057189941406,2373.469970703125,11.350000381469727
2017-03-14,204.53488159179688,2365.449951171875,12.300000190734863
2017-03-15,206.30477905273438,2385.260009765625,11.630000114440918
2017-03-16,205.8990020751953,2381.3798828125,11.210000038146973
2017-03-17,205.537353515625,2378.25,11.279999732971191
2017-03-20,205.31195068359375,2373.469970703125,11.34000015258789
2017-03-21,202.67581176757812,2344.02001953125,12.470000267028809
2017-03-22,203.15280151367188,2348.449951171875,12.8100004196167
2017-03-23,202.93600463867188,2345.9599609375,13.119999885559082
2017-03-24,202.78858947753906,2343.97998046875,12.960000038146973
2017-03-27,202.58047485351562,2341.590087890625,12.5
2017-03-28,204.0545654296875,2358.570068359375,11.529999732971191
2017-03-29,204.24542236328125,2361.1298828125,11.420000076293945
2017-03-30,204.89572143554688,2368.06005859375,11.539999961853027
2017-03-31,204.41883850097656,2362.719970703125,12.369999885559082
2017-04-03,204.06329345703125,2358.840087890625,12.380000114440918
2017-04-04,204.19338989257812,2360.159912109375,11.789999961853027
2017-04-05,203.5863494873047,2352.949951171875,12.890000343322754
2017-04-06,204.15866088867188,2357.489990234375,12.390000343322754
2017-04-07,203.95059204101562,2355.5400390625,12.869999885559082
2017-04-10,204.07191467285156,2357.159912109375,14.050000190734863
2017-04-11,203.8291473388672,2353.780029296875,15.069999694824219
2017-04-12,202.93600463867188,2344.929931640625,15.770000457763672
2017-04-13,201.61790466308594,2328.949951171875,15.960000038146973
2017-04-17,203.4042205810547,2349.010009765625,14.65999984741211
2017-04-18,202.7972869873047,2342.18994140625,14.420000076293945
2017-04-19,202.42440795898438,2338.169921875,14.930000305175781
2017-04-20,204.07191467285156,2355.840087890625,14.149999618530273
2017-04-21,203.42156982421875,2348.68994140625,14.630000114440918
2017-04-24,205.65878295898438,2374.14990234375,10.84000015258789
2017-04-25,206.85548400878906,2388.610107421875,10.760000228881836
2017-04-26,206.7254180908203,2387.449951171875,10.850000381469727
2017-04-27,206.8988494873047,2388.77001953125,10.359999656677246
2017-04-28,206.44790649414062,2384.199951171875,10.819999694824219
2017-05-01,206.9681854248047,2388.330078125,10.109999656677246
2017-05-02,207.0462646484375,2391.169921875,10.59000015258789
2017-05-03,206.79473876953125,2388.1298828125,10.680000305175781
2017-05-04,207.03758239746094,2389.52001953125,10.460000038146973
2017-05-05,207.85269165039062,2399.2900390625,10.569999694824219
2017-05-08,207.8179473876953,2399.3798828125,9.770000457763672
2017-05-09,207.62722778320312,2396.919921875,9.960000038146973
2017-05-10,208.00009155273438,2399.6298828125,10.210000038146973
2017-05-11,207.5751953125,2394.43994140625,10.600000381469727
2017-05-12,207.22828674316406,2390.89990234375,10.399999618530273
2017-05-15,208.37294006347656,2402.320068359375,10.420000076293945
2017-05-16,208.1821746826172,2400.669921875,10.649999618530273
2017-05-17,204.48812866210938,2357.030029296875,15.59000015258789
2017-05-18,205.31195068359375,2365.719970703125,14.65999984741211
2017-05-19,206.6473388671875,2381.72998046875,12.039999961853027
2017-05-22,207.69656372070312,2394.02001953125,10.930000305175781
2017-05-23,208.15623474121094,2398.419921875,10.720000267028809
2017-05-24,208.6417999267578,2404.389892578125,10.020000457763672
2017-05-25,209.63900756835938,2415.070068359375,9.989999771118164
2017-05-26,209.59564208984375,2415.820068359375,9.8100004196167
2017-05-30,209.4134521484375,2412.909912109375,10.380000114440918
2017-05-31,209.36151123046875,2411.800048828125,10.40999984741211
2017-06-01,211.02638244628906,2430.06005859375,9.890000343322754
2017-06-02,211.728759765625,2439.070068359375,9.75
2017-06-05,211.57266235351562,2436.10009765625,10.069999694824219
2017-06-06,210.89634704589844,2429.330078125,10.449999809265137
2017-06-07,211.2865447998047,2433.139892578125,10.390000343322754
2017-06-08,211.39059448242188,2433.7900390625,10.15999984741211
2017-06-09,211.06976318359375,2431.77001953125,10.699999809265137
2017-06-12,211.02638244628906,2429.389892578125,11.460000038146973
2017-06-13,212.05828857421875,2440.35009765625,10.420000076293945
2017-06-14,211.7894744873047,2437.919921875,10.640000343322754
2017-06-15,211.3818817138672,2432.4599609375,10.899999618530273
2017-06-16,211.42808532714844,2433.14990234375,10.380000114440918
2017-06-19,213.1882781982422,2453.4599609375,10.369999885559082
2017-06-20,211.75047302246094,2437.030029296875,10.859999656677246
2017-06-21,211.6982421875,2435.610107421875,10.75
2017-06-22,211.60232543945312,2434.5,10.479999542236328
2017-06-23,211.85508728027344,2438.300048828125,10.020000457763672
2017-06-26,211.9945068359375,2439.070068359375,9.899999618530273
2017-06-27,210.2866668701172,2419.3798828125,11.0600004196167
2017-06-28,212.1687469482422,2440.68994140625,10.029999732971191
2017-06-29,210.30401611328125,2419.699951171875,11.4399995803833
2017-06-30,210.69615173339844,2423.409912109375,11.180000305175781
2017-07-03,211.05343627929688,2429.010009765625,11.220000267028809
2017-07-05,211.5414276123047,2432.5400390625,11.069999694824219
2017-07-06,209.60696411132812,2409.75,12.539999961853027
2017-07-07,210.96624755859375,2425.179931640625,11.1899995803833
2017-07-10,211.1928253173828,2427.429931640625,11.109999656677246
2017-07-11,211.0359649658203,2425.530029296875,10.890000343322754
2017-07-12,212.6218719482422,2443.25,10.300000190734863
2017-07-13,212.9791717529297,2447.830078125,9.899999618530273
2017-07-14,213.9724578857422,2459.27001953125,9.510000228881836
2017-07-17,213.94638061523438,2459.139892578125,9.819999694824219
2017-07-18,214.05963134765625,2460.610107421875,9.890000343322754
2017-07-19,215.21853637695312,2473.830078125,9.789999961853027
2017-07-20,215.31439208984375,2473.449951171875,9.579999923706055
2017-07-21,215.1226806640625,2472.5400390625,9.359999656677246
2017-07-24,215.0704803466797,2469.909912109375,9.430000305175781
2017-07-25,215.59324645996094,2477.1298828125,9.430000305175781
2017-07-26,215.6019287109375,2477.830078125,9.600000381469727
2017-07-27,215.40150451660156,2475.419921875,10.109999656677246
2017-07-28,215.1488494873047,2472.10009765625,10.289999961853027
2017-07-31,215.02682495117188,2470.300048828125,10.260000228881836
2017-08-01,215.506103515625,2476.35009765625,10.09000015258789
2017-08-02,215.6106414794922,2477.570068359375,10.279999732971191
2017-08-03,215.1924285888672,2472.159912109375,10.4399995803833
2017-08-04,215.58456420898438,2476.830078125,10.029999732971191
2017-08-07,215.98532104492188,2480.909912109375,9.930000305175781
2017-08-08,215.4538116455078,2474.919921875,10.960000038146973
2017-08-09,215.4451141357422,2474.02001953125,11.109999656677246
2017-08-10,212.40402221679688,2438.2099609375,16.040000915527344
2017-08-11,212.7177276611328,2441.320068359375,15.510000228881836
2017-08-14,214.8263397216797,2465.840087890625,12.329999923706055
2017-08-15,214.80029296875,2464.610107421875,12.039999961853027
2017-08-16,215.17495727539062,2468.110107421875,11.739999771118164
2017-08-17,211.8201904296875,2430.010009765625,15.550000190734863
2017-08-18,211.4890899658203,2425.550048828125,14.260000228881836
2017-08-21,211.65467834472656,2428.3701171875,13.1899995803833
2017-08-22,213.8679656982422,2452.510009765625,11.350000381469727
2017-08-23,213.10113525390625,2444.0400390625,12.25
2017-08-24,212.60447692871094,2438.969970703125,12.229999542236328
2017-08-25,213.10113525390625,2443.050048828125,11.279999732971191
2017-08-28,213.10984802246094,2444.239990234375,11.319999694824219
2017-08-29,213.3538360595703,2446.300048828125,11.699999809265137
2017-08-30,214.36459350585938,2457.590087890625,11.220000267028809
2017-08-31,215.65419006347656,2471.64990234375,10.59000015258789
2017-09-01,215.95925903320312,2476.550048828125,10.130000114440918
2017-09-05,214.4081573486328,2457.85009765625,12.229999542236328
2017-09-06,215.1400909423828,2465.5400390625,11.630000114440918
2017-09-07,215.114013671875,2465.10009765625,11.550000190734863
2017-09-08,214.86129760742188,2461.429931640625,12.119999885559082
2017-09-11,217.15293884277344,2488.110107421875,10.729999542236328
2017-09-12,217.88491821289062,2496.47998046875,10.579999923706055
2017-09-13,217.9894561767578,2498.3701171875,10.5
2017-09-14,217.9197998046875,2495.6201171875,10.4399995803833
2017-09-15,218.213134765625,2500.22998046875,10.170000076293945
2017-09-18,218.6772003173828,2503.8701171875,10.149999618530273
2017-09-19,218.89613342285156,2506.64990234375,10.180000305175781
2017-09-20,218.97496032714844,2508.239990234375,9.779999732971191
2017-09-21,218.38821411132812,2500.60009765625,9.670000076293945
2017-09-22,218.43206787109375,2502.219970703125,9.59000015258789
2017-09-25,217.98544311523438,2496.659912109375,10.210000038146973
2017-09-26,218.1168212890625,2496.840087890625,10.170000076293945
2017-09-27,218.9662322998047,2507.0400390625,9.869999885559082
2017-09-28,219.2289581298828,2510.06005859375,9.550000190734863
2017-09-29,219.99954223632812,2519.360107421875,9.510000228881836
2017-10-02,220.95407104492188,2529.1201171875,9.449999809265137
2017-10-03,221.4269256591797,2534.580078125,9.510000228881836
2017-10-04,221.6896209716797,2537.739990234375,9.630000114440918
2017-10-05,223.00314331054688,2552.070068359375,9.1899995803833
2017-10-06,222.7491912841797,2549.330078125,9.649999618530273
2017-10-09,222.3814239501953,2544.72998046875,10.329999923706055
2017-10-10,222.9680633544922,2550.639892578125,10.079999923706055
2017-10-11,223.3184356689453,2555.239990234375,9.850000381469727
2017-10-12,222.9856414794922,2550.929931640625,9.90999984741211
2017-10-13,223.25711059570312,2553.169921875,9.609999656677246
2017-10-16,223.5548553466797,2557.639892578125,9.90999984741211
2017-10-17,223.71243286132812,2559.360107421875,10.3100004196167
2017-10-18,223.93142700195312,2561.260009765625,10.069999694824219
2017-10-19,223.99267578125,2562.10009765625,10.050000190734863
2017-10-20,225.1486053466797,2575.2099609375,9.970000267028809
2017-10-23,224.27288818359375,2564.97998046875,11.069999694824219
2017-10-24,224.66700744628906,2569.1298828125,11.15999984741211
2017-10-25,223.5548553466797,2557.14990234375,11.229999542236328
2017-10-26,223.84378051757812,2560.39990234375,11.300000190734863
2017-10-27,225.67401123046875,2581.070068359375,9.800000190734863
2017-10-30,224.83334350585938,2572.830078125,10.5
2017-10-31,225.18359375,2575.260009765625,10.180000305175781
2017-11-01,225.48138427734375,2579.360107421875,10.199999809265137
2017-11-02,225.56893920898438,2579.85009765625,9.930000305175781
2017-11-03,226.322021484375,2587.840087890625,9.140000343322754
2017-11-06,226.6723175048828,2591.1298828125,9.399999618530273
2017-11-07,226.51470947265625,2590.639892578125,9.890000343322754
2017-11-08,226.89993286132812,2594.3798828125,9.779999732971191
2017-11-09,226.0768585205078,2584.6201171875,10.5
2017-11-10,226.0067596435547,2582.300048828125,11.289999961853027
2017-11-13,226.21690368652344,2584.840087890625,11.5
2017-11-14,225.6915283203125,2578.8701171875,11.59000015258789
2017-11-15,224.56187438964844,2564.6201171875,13.130000114440918
2017-11-16,226.4708709716797,2585.639892578125,11.760000228881836
2017-11-17,225.8053741455078,2578.85009765625,11.430000305175781
2017-11-20,226.1906280517578,2582.139892578125,10.649999618530273
2017-11-21,227.6705780029297,2599.030029296875,9.729999542236328
2017-11-22,227.46917724609375,2597.080078125,9.880000114440918
2017-11-24,227.99456787109375,2602.419921875,9.670000076293945
2017-11-27,227.88075256347656,2601.419921875,9.869999885559082
2017-11-28,230.19253540039062,2627.0400390625,10.029999732971191
2017-11-29,230.05247497558594,2626.070068359375,10.699999809265137
2017-11-30,232.0665283203125,2647.580078125,11.279999732971191
2017-12-01,231.58494567871094,2642.219970703125,11.430000305175781
2017-12-04,231.30471801757812,2639.43994140625,11.680000305175781
2017-12-05,230.4727783203125,2629.570068359375,11.329999923706055
2017-12-06,230.5166015625,2629.27001953125,11.020000457763672
2017-12-07,231.24343872070312,2636.97998046875,10.15999984741211
2017-12-08,232.50440979003906,2651.5,9.579999923706055
2017-12-11,233.2049560546875,2659.989990234375,9.34000015258789
2017-12-12,233.61647033691406,2664.110107421875,9.920000076293945
2017-12-13,233.5902862548828,2662.85009765625,10.180000305175781
2017-12-14,232.6356964111328,2652.010009765625,10.489999771118164
2017-12-15,234.57301330566406,2675.81005859375,9.420000076293945
2017-12-18,236.06048583984375,2690.159912109375,9.529999732971191
2017-12-19,235.15396118164062,2681.469970703125,10.029999732971191
2017-12-20,235.03067016601562,2679.25,9.720000267028809
2017-12-21,235.51475524902344,2684.570068359375,9.619999885559082
2017-12-22,235.45315551757812,2683.340087890625,9.899999618530273
2017-12-26,235.17149353027344,2680.5,10.25
2017-12-27,235.2859649658203,2682.6201171875,10.470000267028809
2017-12-28,235.7699737548828,2687.5400390625,10.180000305175781
2017-12-29,234.8810577392578,2673.610107421875,11.039999961853027
2018-01-02,236.56210327148438,2695.81005859375,9.770000457763672
2018-01-03,238.05844116210938,2713.06005859375,9.149999618530273
2018-01-04,239.0618133544922,2723.989990234375,9.220000267028809
2018-01-05,240.65492248535156,2743.14990234375,9.220000267028809
2018-01-08,241.09503173828125,2747.7099609375,9.520000457763672
2018-01-09,241.64073181152344,2751.2900390625,10.079999923706055
2018-01-10,241.27108764648438,2748.22998046875,9.819999694824219
2018-01-11,243.03138732910156,2767.56005859375,9.880000114440918
2018-01-12,244.61566162109375,2786.239990234375,10.15999984741211
2018-01-16,243.77951049804688,2776.419921875,11.65999984741211
2018-01-17,246.1031036376953,2802.56005859375,11.90999984741211
2018-01-18,245.6895294189453,2798.030029296875,12.220000267028809
2018-01-19,246.8073272705078,2810.300048828125,11.270000457763672
2018-01-22,248.81398010253906,2832.969970703125,11.029999732971191
2018-01-23,249.34217834472656,2839.1298828125,11.100000381469727
2018-01-24,249.2454071044922,2837.5400390625,11.470000267028809
2018-01-25,249.35089111328125,2839.25,11.579999923706055
2018-01-26,252.23788452148438,2872.8701171875,11.079999923706055
2018-01-29,250.56565856933594,2853.530029296875,13.84000015258789
2018-01-30,247.9954833984375,2822.429931640625,14.789999961853027
2018-01-31,248.1188201904297,2823.81005859375,13.539999961853027
2018-02-01,247.83709716796875,2821.97998046875,13.470000267028809
2018-02-02,242.44166564941406,2762.1298828125,17.309999465942383
2018-02-05,232.3021697998047,2648.93994140625,37.31999969482422
2018-02-06,236.8790283203125,2695.139892578125,29.979999542236328
2018-02-07,235.593994140625,2681.659912109375,27.729999542236328
2018-02-08,226.75714111328125,2581.0,33.459999084472656
2018-02-09,230.16343688964844,2619.550048828125,29.059999465942383
2018-02-12,233.54315185546875,2656.0,25.610000610351562
2018-02-13,234.12417602539062,2662.93994140625,24.969999313354492
2018-02-14,237.28392028808594,2698.6298828125,19.260000228881836
2018-02-15,240.31167602539062,2731.199951171875,19.1299991607666
2018-02-16,240.3820037841797,2732.219970703125,19.459999084472656
2018-02-20,238.87705993652344,2716.260009765625,20.600000381469727
2018-02-21,237.68875122070312,2701.330078125,20.020000457763672
2018-02-22,237.99681091308594,2703.9599609375,18.719999313354492
2018-02-23,241.79037475585938,2747.300048828125,16.489999771118164
2018-02-26,244.5980682373047,2779.60009765625,15.800000190734863
2018-02-27,241.54391479492188,2744.280029296875,18.59000015258789
2018-02-28,239.09701538085938,2713.830078125,19.850000381469727
2018-03-01,235.62034606933594,2677.669921875,22.469999313354492
2018-03-02,236.83505249023438,2691.25,19.59000015258789
2018-03-05,239.57232666015625,2720.93994140625,18.729999542236328
2018-03-06,240.17967224121094,2728.1201171875,18.360000610351562
2018-03-07,240.09165954589844,2726.800048828125,17.760000228881836
2018-03-08,241.2534942626953,2738.969970703125,16.540000915527344
2018-03-09,245.45179748535156,2786.570068359375,14.640000343322754
2018-03-12,245.143798828125,2783.02001953125,15.779999732971191
2018-03-13,243.55946350097656,2765.31005859375,16.350000381469727
2018-03-14,242.3096160888672,2749.47998046875,17.229999542236328
2018-03-15,242.045654296875,2747.330078125,16.59000015258789
2018-03-16,242.30810546875,2752.010009765625,15.800000190734863
2018-03-19,239.02957153320312,2712.919921875,19.020000457763672
2018-03-20,239.43605041503906,2716.93994140625,18.200000762939453
2018-03-21,238.97654724121094,2711.929931640625,17.860000610351562
2018-03-22,233.0028533935547,2643.68994140625,23.34000015258789
2018-03-23,228.03640747070312,2588.260009765625,24.8700008392334
2018-03-26,234.27532958984375,2658.550048828125,21.030000686645508
2018-03-27,230.28988647460938,2612.6201171875,22.5
2018-03-28,229.60943603515625,2605.0,22.8700008392334
2018-03-29,232.54324340820312,2640.8701171875,19.969999313354492
2018-04-02,227.52389526367188,2581.8798828125,23.6200008392334
2018-04-03,230.44009399414062,2614.449951171875,21.100000381469727
2018-04-04,232.90560913085938,2644.68994140625,20.059999465942383
2018-04-05,234.74371337890625,2662.840087890625,18.940000534057617
2018-04-06,229.51219177246094,2604.469970703125,21.489999771118164
2018-04-09,230.64337158203125,2613.159912109375,21.770000457763672
2018-04-10,234.3105926513672,2656.8701171875,20.469999313354492
2018-04-11,233.08230590820312,2642.18994140625,20.239999771118164
2018-04-12,234.9999542236328,2663.989990234375,18.489999771118164
2018-04-13,234.3105926513672,2656.300048828125,17.40999984741211
2018-04-16,236.23703002929688,2677.840087890625,16.559999465942383
2018-04-17,238.76451110839844,2706.389892578125,15.25
2018-04-18,238.94117736816406,2708.639892578125,15.600000381469727
2018-04-19,237.61572265625,2693.1298828125,15.960000038146973
2018-04-20,235.60079956054688,2670.139892578125,16.8799991607666
2018-04-23,235.56558227539062,2670.2900390625,16.34000015258789
2018-04-24,232.39308166503906,2634.56005859375,18.020000457763672
2018-04-25,232.9674530029297,2639.39990234375,17.84000015258789
2018-04-26,235.33572387695312,2666.93994140625,16.239999771118164
2018-04-27,235.556640625,2669.909912109375,15.40999984741211
2018-04-30,233.74513244628906,2648.050048828125,15.930000305175781
2018-05-01,234.16043090820312,2654.800048828125,15.489999771118164
2018-05-02,232.58746337890625,2635.669921875,15.970000267028809
2018-05-03,232.07493591308594,2629.72998046875,15.899999618530273
2018-05-04,235.0793914794922,2663.419921875,14.770000457763672
2018-05-07,235.87478637695312,2672.6298828125,14.75
2018-05-08,235.87478637695312,2671.919921875,14.710000038146973
2018-05-09,238.1547088623047,2697.7900390625,13.420000076293945
2018-05-10,240.3815460205078,2723.070068359375,13.229999542236328
2018-05-11,241.11508178710938,2727.719970703125,12.649999618530273
2018-05-14,241.22994995117188,2730.1298828125,12.930000305175781
2018-05-15,239.5686492919922,2711.449951171875,14.630000114440918
2018-05-16,240.5760040283203,2722.4599609375,13.420000076293945
2018-05-17,240.37277221679688,2720.1298828125,13.430000305175781
2018-05-18,239.77182006835938,2712.969970703125,13.420000076293945
2018-05-21,241.57460021972656,2733.010009765625,13.079999923706055
2018-05-22,240.90293884277344,2724.43994140625,13.220000267028809
2018-05-23,241.56573486328125,2733.2900390625,12.579999923706055
2018-05-24,241.07090759277344,2727.760009765625,12.529999732971191
2018-05-25,240.4965057373047,2721.330078125,13.220000267028809
2018-05-29,237.7305145263672,2689.860107421875,17.020000457763672
2018-05-30,240.90293884277344,2724.010009765625,14.9399995803833
2018-05-31,239.4272918701172,2705.27001953125,15.430000305175781
2018-06-01,241.7779083251953,2734.6201171875,13.460000038146973
2018-06-04,242.92657470703125,2746.8701171875,12.739999771118164
2018-06-05,243.1033477783203,2748.800048828125,12.399999618530273
2018-06-06,245.13583374023438,2772.35009765625,11.640000343322754
2018-06-07,245.10939025878906,2770.3701171875,12.130000114440918
2018-06-08,245.8340606689453,2779.030029296875,12.180000305175781
2018-06-11,246.1609344482422,2782.0,12.350000381469727
2018-06-12,246.47911071777344,2786.85009765625,12.34000015258789
2018-06-13,245.6925506591797,2775.6298828125,12.9399995803833
2018-06-14,246.31118774414062,2782.489990234375,12.119999885559082
2018-06-15,245.99696350097656,2779.659912109375,11.979999542236328
2018-06-18,245.490966796875,2773.75,12.3100004196167
2018-06-19,244.55006408691406,2762.590087890625,13.350000381469727
2018-06-20,244.9672393798828,2767.320068359375,12.789999961853027
2018-06-21,243.4315643310547,2749.760009765625,14.640000343322754
2018-06-22,243.87539672851562,2754.8798828125,13.770000457763672
2018-06-25,240.5555419921875,2717.070068359375,17.329999923706055
2018-06-26,241.0881805419922,2723.06005859375,15.920000076293945
2018-06-27,239.0908966064453,2699.6298828125,17.90999984741211
2018-06-28,240.45802307128906,2716.31005859375,16.850000381469727
2018-06-29,240.80413818359375,2718.3701171875,16.09000015258789
2018-07-02,241.3188934326172,2726.7099609375,15.600000381469727
2018-07-03,240.46678161621094,2713.219970703125,16.139999389648438
2018-07-05,242.4285430908203,2736.610107421875,14.970000267028809
2018-07-06,244.47909545898438,2759.820068359375,13.369999885559082
2018-07-09,246.68048095703125,2784.169921875,12.6899995803833
2018-07-10,247.56805419921875,2793.840087890625,12.640000343322754
2018-07-11,245.75726318359375,2774.02001953125,13.630000114440918
2018-07-12,247.98538208007812,2798.2900390625,12.579999923706055
2018-07-13,248.1805419921875,2801.31005859375,12.180000305175781
2018-07-16,247.95863342285156,2798.429931640625,12.829999923706055
2018-07-17,248.96177673339844,2809.550048828125,12.0600004196167
2018-07-18,249.4854278564453,2815.6201171875,12.100000381469727
2018-07-19,248.5445098876953,2804.489990234375,12.869999885559082
2018-07-20,248.26046752929688,2801.830078125,12.859999656677246
2018-07-23,248.7220458984375,2806.97998046875,12.619999885559082
2018-07-24,249.97372436523438,2820.39990234375,12.40999984741211
2018-07-25,252.10403442382812,2846.070068359375,12.289999961853027
2018-07-26,251.50930786132812,2837.43994140625,12.140000343322754
2018-07-27,249.8050537109375,2818.820068359375,13.029999732971191
2018-07-30,248.50013732910156,2802.60009765625,14.260000228881836
2018-07-31,249.72508239746094,2816.2900390625,12.829999923706055
2018-08-01,249.3079376220703,2813.360107421875,13.149999618530273
2018-08-02,250.666015625,2827.219970703125,12.1899995803833
2018-08-03,251.74009704589844,2840.35009765625,11.640000343322754
2018-08-06,252.6632537841797,2850.39990234375,11.270000457763672
2018-08-07,253.49761962890625,2858.449951171875,10.930000305175781
2018-08-08,253.39105224609375,2857.699951171875,10.850000381469727
2018-08-09,253.0449981689453,2853.580078125,11.270000457763672
2018-08-10,251.3495635986328,2833.280029296875,13.15999984741211
2018-08-13,250.40867614746094,2821.929931640625,14.779999732971191
2018-08-14,252.00634765625,2839.9599609375,13.3100004196167
2018-08-15,250.12457275390625,2818.3701171875,14.640000343322754
2018-08-16,252.14840698242188,2840.68994140625,13.449999809265137
2018-08-17,253.0361328125,2850.1298828125,12.640000343322754
2018-08-20,253.57752990722656,2857.050048828125,12.489999771118164
2018-08-21,254.17236328125,2862.9599609375,12.859999656677246
2018-08-22,254.02142333984375,2861.820068359375,12.25
2018-08-23,253.6841278076172,2856.97998046875,12.40999984741211
2018-08-24,255.2108612060547,2874.68994140625,11.989999771118164
2018-08-27,257.225830078125,2896.739990234375,12.15999984741211
2018-08-28,257.35009765625,2897.52001953125,12.5
2018-08-29,258.7348937988281,2914.0400390625,12.25
2018-08-30,257.6874084472656,2901.1298828125,13.529999732971191
2018-08-31,257.6962890625,2901.52001953125,12.859999656677246
2018-09-04,257.25250244140625,2896.719970703125,13.15999984741211
2018-09-05,256.5601501464844,2888.60009765625,13.90999984741211
2018-09-06,255.78778076171875,2878.050048828125,14.649999618530273
2018-09-07,255.2906951904297,2871.679931640625,14.880000114440918
2018-09-10,255.73455810546875,2877.1298828125,14.15999984741211
2018-09-11,256.5779113769531,2887.889892578125,13.220000267028809
2018-09-12,256.6399841308594,2888.919921875,13.140000343322754
2018-09-13,258.1578674316406,2904.179931640625,12.369999885559082
2018-09-14,258.2023010253906,2904.97998046875,12.069999694824219
2018-09-17,256.8352966308594,2888.800048828125,13.680000305175781
2018-09-18,258.2289733886719,2904.31005859375,12.789999961853027
2018-09-19,258.5041198730469,2907.949951171875,11.75
2018-09-20,260.5989685058594,2930.75,11.800000190734863
2018-09-21,260.3608093261719,2929.669921875,11.680000305175781
2018-09-24,259.4959411621094,2919.3701171875,12.199999809265137
2018-09-25,259.25518798828125,2915.56005859375,12.420000076293945
2018-09-26,258.4794006347656,2905.969970703125,12.890000343322754
2018-09-27,259.20159912109375,2914.0,12.40999984741211
2018-09-28,259.2284240722656,2913.97998046875,12.119999885559082
2018-10-01,260.12908935546875,2924.590087890625,12.0
2018-10-02,259.97747802734375,2923.429931640625,12.050000190734863
2018-10-03,260.1201171875,2925.510009765625,11.609999656677246
2018-10-04,258.0870666503906,2901.610107421875,14.220000267028809
2018-10-05,256.642578125,2885.570068359375,14.819999694824219
2018-10-08,256.642578125,2884.429931640625,15.6899995803833
2018-10-09,256.26806640625,2880.340087890625,15.949999809265137
2018-10-10,248.1537628173828,2785.679931640625,22.959999084472656
2018-10-11,242.68785095214844,2728.3701171875,24.979999542236328
2018-10-12,246.05841064453125,2767.1298828125,21.309999465942383
2018-10-15,244.67626953125,2750.7900390625,21.299999237060547
2018-10-16,250.02621459960938,2809.919921875,17.6200008392334
2018-10-17,250.0708770751953,2809.2099609375,17.399999618530273
2018-10-18,246.45960998535156,2768.780029296875,20.059999465942383
2018-10-19,246.3258514404297,2767.780029296875,19.889999389648438
2018-10-22,245.2201385498047,2755.8798828125,19.639999389648438
2018-10-23,243.9718475341797,2740.68994140625,20.709999084472656
2018-10-24,236.57980346679688,2656.10009765625,25.229999542236328
2018-10-25,240.82412719726562,2705.570068359375,24.219999313354492
2018-10-26,236.5886993408203,2658.68994140625,24.15999984741211
2018-10-29,235.27796936035156,2641.25,24.700000762939453
2018-10-30,238.76441955566406,2682.6298828125,23.350000381469727
2018-10-31,241.3146514892578,2711.739990234375,21.229999542236328
2018-11-01,243.88272094726562,2740.3701171875,19.34000015258789
2018-11-02,242.43817138671875,2723.06005859375,19.510000228881836
2018-11-05,243.77561950683594,2738.31005859375,19.959999084472656
2018-11-06,245.31832885742188,2755.449951171875,19.90999984741211
2018-11-07,250.57028198242188,2813.889892578125,16.360000610351562
2018-11-08,250.11544799804688,2806.830078125,16.719999313354492
2018-11-09,247.67230224609375,2781.010009765625,17.360000610351562
2018-11-12,243.0445098876953,2726.219970703125,20.450000762939453
2018-11-13,242.5897979736328,2722.179931640625,20.020000457763672
2018-11-14,240.93121337890625,2701.580078125,21.25
2018-11-15,243.44573974609375,2730.199951171875,19.979999542236328
2018-11-16,244.0788116455078,2736.27001953125,18.139999389648438
2018-11-19,239.95034790039062,2690.72998046875,20.100000381469727
2018-11-20,235.5098419189453,2641.889892578125,22.479999542236328
2018-11-21,236.31234741210938,2649.929931640625,20.799999237060547
2018-11-23,234.73406982421875,2632.56005859375,21.520000457763672
2018-11-26,238.5236358642578,2673.449951171875,18.899999618530273
2018-11-27,239.32615661621094,2682.169921875,19.020000457763672
2018-11-28,244.8367156982422,2743.7900390625,18.489999771118164
2018-11-29,244.30178833007812,2737.800048828125,18.790000915527344
2018-11-30,245.7908477783203,2760.169921875,18.06999969482422
2018-12-03,249.0454559326172,2790.3701171875,16.440000534057617
2018-12-04,240.9757843017578,2700.06005859375,20.739999771118164
2018-12-06,240.61016845703125,2695.949951171875,21.190000534057617
2018-12-07,235.01939392089844,2633.080078125,23.229999542236328
2018-12-10,235.46522521972656,2637.719970703125,22.639999389648438
2018-12-11,235.5187225341797,2636.780029296875,21.760000228881836
2018-12-12,236.70460510253906,2651.070068359375,21.459999084472656
2018-12-13,236.62437438964844,2650.5400390625,20.649999618530273
2018-12-14,232.25515747070312,2599.949951171875,21.6299991607666
2018-12-17,227.69874572753906,2545.93994140625,24.520000457763672
2018-12-18,227.4490509033203,2546.159912109375,25.579999923706055
2018-12-19,224.04283142089844,2506.9599609375,25.579999923706055
2018-12-20,220.3958740234375,2467.419921875,28.3799991607666
2018-12-21,215.88006591796875,2416.6201171875,30.110000610351562
2018-12-24,210.1758575439453,2351.10009765625,36.06999969482422
2018-12-26,220.79502868652344,2467.699951171875,30.40999984741211
2018-12-27,222.49012756347656,2488.830078125,29.959999084472656
2018-12-28,222.20309448242188,2485.739990234375,28.34000015258789
2018-12-31,224.14932250976562,2506.85009765625,25.420000076293945
2019-01-02,224.38250732421875,2510.030029296875,23.219999313354492
2019-01-03,219.02813720703125,2447.889892578125,25.450000762939453
2019-01-04,226.3646697998047,2531.93994140625,21.3799991607666
2019-01-07,228.1494598388672,2549.68994140625,21.399999618530273
2019-01-08,230.29299926757812,2574.409912109375,20.469999313354492
2019-01-09,231.3692626953125,2584.9599609375,19.979999542236328
2019-01-10,232.1854248046875,2596.639892578125,19.5
2019-01-11,232.27513122558594,2596.260009765625,18.190000534057617
2019-01-14,230.85800170898438,2582.610107421875,19.06999969482422
2019-01-15,233.50384521484375,2610.300048828125,18.600000381469727
2019-01-16,234.0689239501953,2616.10009765625,19.040000915527344
2019-01-17,235.84469604492188,2635.9599609375,18.059999465942383
2019-01-18,238.9838409423828,2670.7099609375,17.799999237060547
2019-01-22,235.75502014160156,2632.89990234375,20.799999237060547
2019-01-23,236.24832153320312,2638.699951171875,19.520000457763672
2019-01-24,236.37388610839844,2642.330078125,18.889999389648438
2019-01-25,238.37391662597656,2664.760009765625,17.420000076293945
2019-01-28,236.5622100830078,2643.85009765625,18.8700008392334
2019-01-29,236.24832153320312,2640.0,19.1299991607666
2019-01-30,239.98834228515625,2681.050048828125,17.65999984741211
2019-01-31,242.09597778320312,2704.10009765625,16.56999969482422
2019-02-01,242.21258544921875,2706.530029296875,16.139999389648438
2019-02-04,243.91668701171875,2724.8701171875,15.729999542236328
2019-02-05,244.93917846679688,2737.699951171875,15.569999694824219
2019-02-06,244.61624145507812,2731.610107421875,15.380000114440918
2019-02-07,242.28436279296875,2706.050048828125,16.3700008392334
2019-02-08,242.58030700683594,2707.8798828125,15.720000267028809
2019-02-11,242.71484375,2709.800048828125,15.970000267028809
2019-02-12,245.83602905273438,2744.72998046875,15.430000305175781
2019-02-13,246.63421630859375,2753.030029296875,15.649999618530273
2019-02-14,246.0871124267578,2745.72998046875,16.219999313354492
2019-02-15,248.76876831054688,2775.60009765625,14.90999984741211
2019-02-19,249.19932556152344,2779.760009765625,14.880000114440918
2019-02-20,249.70159912109375,2784.699951171875,14.020000457763672
2019-02-21,248.8136444091797,2774.8798828125,14.460000038146973
2019-02-22,250.35629272460938,2792.669921875,13.510000228881836
2019-02-25,250.69712829589844,2796.110107421875,14.850000381469727
2019-02-26,250.5177459716797,2793.89990234375,15.170000076293945
2019-02-27,250.41015625,2792.3798828125,14.699999809265137
2019-02-28,249.9437713623047,2784.489990234375,14.779999732971191
2019-03-01,251.50430297851562,2803.68994140625,13.569999694824219
2019-03-04,250.5894775390625,2792.81005859375,14.630000114440918
2019-03-05,250.24871826171875,2789.64990234375,14.739999771118164
2019-03-06,248.73289489746094,2771.449951171875,15.739999771118164
2019-03-07,246.6522216796875,2748.929931640625,16.59000015258789
2019-03-08,246.158935546875,2743.070068359375,16.049999237060547
2019-03-11,249.72845458984375,2783.300048828125,14.329999923706055
2019-03-12,250.67018127441406,2791.52001953125,13.770000457763672
2019-03-13,252.3294219970703,2810.919921875,13.40999984741211
2019-03-14,252.16802978515625,2808.47998046875,13.5
2019-03-15,253.41380310058594,2822.47998046875,12.880000114440918
2019-03-18,254.33270263671875,2832.93994140625,13.100000381469727
2019-03-19,254.3957061767578,2832.570068359375,13.5600004196167
2019-03-20,253.6300506591797,2824.22998046875,13.90999984741211
2019-03-21,256.4947814941406,2854.8798828125,13.630000114440918
2019-03-22,251.5581512451172,2800.7099609375,16.479999542236328
2019-03-25,251.3690643310547,2798.360107421875,16.329999923706055
2019-03-26,253.2427215576172,2818.4599609375,14.680000305175781
2019-03-27,251.91847229003906,2805.3701171875,15.149999618530273
2019-03-28,252.87335205078125,2815.43994140625,14.430000305175781
2019-03-29,254.46792602539062,2834.39990234375,13.710000038146973
2019-04-01,257.48565673828125,2867.18994140625,13.399999618530273
2019-04-02,257.61175537109375,2867.239990234375,13.359999656677246
2019-04-03,258.01708984375,2873.39990234375,13.739999771118164
2019-04-04,258.7017822265625,2879.389892578125,13.579999923706055
2019-04-05,259.9538879394531,2892.739990234375,12.819999694824219
2019-04-08,260.15216064453125,2895.77001953125,13.180000305175781
2019-04-09,258.81890869140625,2878.199951171875,14.279999732971191
2019-04-10,259.7017517089844,2888.2099609375,13.300000190734863
2019-04-11,259.6296081542969,2888.320068359375,13.020000457763672
2019-04-12,261.38629150390625,2907.409912109375,12.010000228881836
2019-04-15,261.21502685546875,2905.580078125,12.319999694824219
2019-04-16,261.38629150390625,2907.06005859375,12.180000305175781
2019-04-17,260.74664306640625,2900.449951171875,12.600000381469727
2019-04-18,261.2601623535156,2905.030029296875,12.09000015258789
2019-04-22,261.4853515625,2907.969970703125,12.420000076293945
2019-04-23,263.8365173339844,2933.679931640625,12.279999732971191
2019-04-24,263.2509765625,2927.25,13.140000343322754
2019-04-25,263.08880615234375,2926.169921875,13.25
2019-04-26,264.31402587890625,2939.8798828125,12.729999542236328
2019-04-29,264.72833251953125,2943.030029296875,13.109999656677246
2019-04-30,264.8634338378906,2945.830078125,13.119999885559082
2019-05-01,262.8726501464844,2923.72998046875,14.800000190734863
2019-05-02,262.3051452636719,2917.52001953125,14.420000076293945
2019-05-03,264.87249755859375,2945.639892578125,12.869999885559082
2019-05-06,263.78253173828125,2932.469970703125,15.4399995803833
2019-05-07,259.3773193359375,2884.050048828125,19.31999969482422
2019-05-08,259.0170593261719,2879.419921875,19.399999618530273
2019-05-09,258.23333740234375,2870.719970703125,19.100000381469727
2019-05-10,259.5306091308594,2881.39990234375,16.040000915527344
2019-05-13,253.008544921875,2811.8701171875,20.549999237060547
2019-05-14,255.29660034179688,2834.409912109375,18.059999465942383
2019-05-15,256.7919921875,2850.9599609375,16.440000534057617
2019-05-16,259.170166015625,2876.320068359375,15.289999961853027
2019-05-17,257.49468994140625,2859.530029296875,15.960000038146973
2019-05-20,255.7920684814453,2840.22998046875,16.309999465942383
2019-05-21,258.0982360839844,2864.360107421875,14.949999809265137
2019-05-22,257.3055419921875,2856.27001953125,14.75
2019-05-23,254.16152954101562,2822.239990234375,16.920000076293945
2019-05-24,254.7381591796875,2826.06005859375,15.850000381469727
2019-05-28,252.36886596679688,2802.389892578125,17.5
2019-05-29,250.6753692626953,2783.02001953125,17.899999618530273
2019-05-30,251.36007690429688,2788.860107421875,17.299999237060547
2019-05-31,247.97283935546875,2752.06005859375,18.709999084472656
2019-06-03,247.34228515625,2744.449951171875,18.860000610351562
2019-06-04,252.7112579345703,2803.27001953125,16.969999313354492
2019-06-05,254.90025329589844,2826.14990234375,16.09000015258789
2019-06-06,256.5577697753906,2843.489990234375,15.930000305175781
2019-06-07,259.125244140625,2873.340087890625,16.299999237060547
2019-06-10,260.3142395019531,2886.72998046875,15.9399995803833
2019-06-11,260.251220703125,2885.719970703125,15.989999771118164
2019-06-12,259.79180908203125,2879.840087890625,15.90999984741211
2019-06-13,260.8637390136719,2891.639892578125,15.819999694824219
2019-06-14,260.5755920410156,2886.97998046875,15.279999732971191
2019-06-17,260.6745910644531,2889.669921875,15.350000381469727
2019-06-18,263.404052734375,2917.75,15.149999618530273
2019-06-19,263.9986572265625,2926.4599609375,14.329999923706055
2019-06-20,266.5210266113281,2954.179931640625,14.75
2019-06-21,266.1335754394531,2950.4599609375,15.399999618530273
2019-06-24,265.8076477050781,2945.35009765625,15.260000228881836
2019-06-25,263.2006530761719,2917.3798828125,16.280000686645508
2019-06-26,262.93817138671875,2913.780029296875,16.209999084472656
2019-06-27,263.8706359863281,2924.919921875,15.819999694824219
2019-06-28,265.22833251953125,2941.760009765625,15.079999923706055
2019-07-01,267.63629150390625,2964.330078125,14.0600004196167
2019-07-02,268.333251953125,2973.010009765625,12.930000305175781
2019-07-03,270.4786071777344,2995.820068359375,12.569999694824219
2019-07-05,270.1708679199219,2990.409912109375,13.279999732971191
2019-07-08,268.6863098144531,2975.949951171875,13.960000038146973
2019-07-09,269.0212097167969,2979.6298828125,14.09000015258789
2019-07-10,270.306640625,2993.070068359375,13.029999732971191
2019-07-11,270.9402770996094,2999.909912109375,12.930000305175781
2019-07-12,272.15325927734375,3013.77001953125,12.390000343322754
2019-07-15,272.2437438964844,3014.300048828125,12.680000305175781
2019-07-16,271.36566162109375,3004.0400390625,12.859999656677246
2019-07-17,269.51904296875,2984.419921875,13.970000267028809
2019-07-18,270.50579833984375,2995.110107421875,13.529999732971191
2019-07-19,269.00311279296875,2976.610107421875,14.449999809265137
2019-07-22,269.66400146484375,2985.030029296875,13.529999732971191
2019-07-23,271.592041015625,3005.469970703125,12.609999656677246
2019-07-24,272.8683166503906,3019.56005859375,12.069999694824219
2019-07-25,271.56488037109375,3003.669921875,12.739999771118164
2019-07-26,273.38446044921875,3025.860107421875,12.15999984741211
2019-07-29,272.8864440917969,3020.969970703125,12.829999923706055
2019-07-30,272.21661376953125,3013.179931640625,13.9399995803833
2019-07-31,269.23846435546875,2980.3798828125,16.1200008392334
2019-08-01,266.8939208984375,2953.56005859375,17.8700008392334
2019-08-02,264.88433837890625,2932.050048828125,17.610000610351562
2019-08-05,256.91851806640625,2844.739990234375,24.59000015258789
2019-08-06,260.5212097167969,2881.77001953125,20.170000076293945
2019-08-07,260.6752014160156,2883.97998046875,19.489999771118164
2019-08-08,265.78961181640625,2938.090087890625,16.90999984741211
2019-08-09,263.97918701171875,2918.64990234375,17.969999313354492
2019-08-12,260.7657165527344,2882.699951171875,21.09000015258789
2019-08-13,264.8210144042969,2926.320068359375,17.520000457763672
2019-08-14,256.9908752441406,2840.60009765625,22.100000381469727
2019-08-15,257.6697692871094,2847.60009765625,21.18000030517578
2019-08-16,261.47174072265625,2888.679931640625,18.469999313354492
2019-08-19,264.62188720703125,2923.64990234375,16.8799991607666
2019-08-20,262.59423828125,2900.510009765625,17.5
2019-08-21,264.73046875,2924.429931640625,15.800000190734863
2019-08-22,264.64910888671875,2922.949951171875,16.68000030517578
2019-08-23,257.85089111328125,2847.110107421875,19.8700008392334
2019-08-26,260.7023620605469,2878.3798828125,19.31999969482422
2019-08-27,259.6792907714844,2869.159912109375,20.309999465942383
2019-08-28,261.5079345703125,2887.93994140625,19.350000381469727
2019-08-29,264.84808349609375,2924.580078125,17.8799991607666
2019-08-30,264.73046875,2926.4599609375,18.979999542236328
2019-09-03,263.1826477050781,2906.27001953125,19.65999984741211
2019-09-04,266.1697998046875,2937.780029296875,17.329999923706055
2019-09-05,269.591552734375,2976.0,16.270000457763672
2019-09-06,269.7997131347656,2978.7099609375,15.0
2019-09-09,269.9355163574219,2978.429931640625,15.270000457763672
2019-09-10,269.8720703125,2979.389892578125,15.199999809265137
2019-09-11,271.79119873046875,3000.929931640625,14.609999656677246
2019-09-12,272.73260498046875,3009.570068359375,14.220000267028809
2019-09-13,272.5515441894531,3007.389892578125,13.739999771118164
2019-09-16,271.70977783203125,2997.9599609375,14.670000076293945
2019-09-17,272.3977355957031,3005.699951171875,14.4399995803833
2019-09-18,272.5606384277344,3006.72998046875,13.949999809265137
2019-09-19,272.5425109863281,3006.7900390625,14.050000190734863
2019-09-20,271.2548522949219,2992.070068359375,15.319999694824219
2019-09-23,271.19110107421875,2991.780029296875,14.90999984741211
2019-09-24,269.06317138671875,2966.60009765625,17.049999237060547
2019-09-25,270.6546325683594,2984.8701171875,15.960000038146973
2019-09-26,270.0907897949219,2977.6201171875,16.06999969482422
2019-09-27,268.6357727050781,2961.7900390625,17.219999313354492
2019-09-30,269.8815612792969,2976.739990234375,16.239999771118164
2019-10-01,266.6715087890625,2940.25,18.559999465942383
2019-10-02,261.96075439453125,2887.610107421875,20.559999465942383
2019-10-03,264.10693359375,2910.6298828125,19.1200008392334
2019-10-04,267.6808776855469,2952.010009765625,17.040000915527344
2019-10-07,266.5258483886719,2938.7900390625,17.860000610351562
2019-10-08,262.3882141113281,2893.06005859375,20.280000686645508
2019-10-09,264.8799133300781,2919.39990234375,18.639999389648438
2019-10-10,266.6715087890625,2938.1298828125,17.56999969482422
2019-10-11,269.4360656738281,2970.27001953125,15.579999923706055
2019-10-14,269.13592529296875,2966.14990234375,14.569999694824219
2019-10-15,271.80047607421875,2995.679931640625,13.539999961853027
2019-10-16,271.36395263671875,2989.68994140625,13.680000305175781
2019-10-17,272.1642150878906,2997.949951171875,13.789999961853027
2019-10-18,270.9728698730469,2986.199951171875,14.25
2019-10-21,272.8099060058594,3006.719970703125,14.0
2019-10-22,271.9187316894531,2995.989990234375,14.460000038146973
2019-10-23,272.7098083496094,3004.52001953125,14.010000228881836
2019-10-24,273.1554870605469,3010.2900390625,13.710000038146973
2019-10-25,274.27398681640625,3022.550048828125,12.649999618530273
2019-10-28,275.82000732421875,3039.419921875,13.109999656677246
2019-10-29,275.73809814453125,3036.889892578125,13.199999809265137
2019-10-30,276.5838317871094,3046.77001953125,12.329999923706055
2019-10-31,275.8471984863281,3037.56005859375,13.220000267028809
2019-11-01,278.40264892578125,3066.909912109375,12.300000190734863
2019-11-04,279.5212097167969,3078.27001953125,12.829999923706055
2019-11-05,279.2120361328125,3074.6201171875,13.100000381469727
2019-11-06,279.2757263183594,3076.780029296875,12.619999885559082
2019-11-07,280.2578125,3085.179931640625,12.729999542236328
2019-11-08,280.9488830566406,3093.080078125,12.069999694824219
2019-11-11,280.4124755859375,3087.010009765625,12.6899995803833
2019-11-12,281.00360107421875,3091.840087890625,12.680000305175781
2019-11-13,281.09454345703125,3094.0400390625,13.0
2019-11-14,281.5037536621094,3096.6298828125,13.050000190734863
2019-11-15,283.54083251953125,3120.4599609375,12.050000190734863
2019-11-18,283.74993896484375,3122.030029296875,12.460000038146973
2019-11-19,283.6681213378906,3120.179931640625,12.859999656677246
2019-11-20,282.6131286621094,3108.4599609375,12.779999732971191
2019-11-21,282.15838623046875,3103.5400390625,13.130000114440918
2019-11-22,282.7859191894531,3110.2900390625,12.34000015258789
2019-11-25,284.9775695800781,3133.639892578125,11.869999885559082
2019-11-26,285.62335205078125,3140.52001953125,11.539999961853027
2019-11-27,286.8963928222656,3153.6298828125,11.75
2019-11-29,285.83245849609375,3140.97998046875,12.619999885559082
2019-12-02,283.40435791015625,3113.8701171875,14.90999984741211
2019-12-03,281.5037536621094,3093.199951171875,15.960000038146973
2019-12-04,283.2406005859375,3112.760009765625,14.800000190734863
2019-12-05,283.74993896484375,3117.429931640625,14.520000457763672
2019-12-06,286.3416442871094,3145.909912109375,13.619999885559082
2019-12-09,285.44146728515625,3135.9599609375,15.859999656677246
2019-12-10,285.12310791015625,3132.52001953125,15.680000305175781
2019-12-11,285.9324645996094,3141.6298828125,14.989999771118164
2019-12-12,288.39697265625,3168.570068359375,13.9399995803833
2019-12-13,288.56976318359375,3168.800048828125,12.630000114440918
2019-12-16,290.5521545410156,3191.449951171875,12.140000343322754
2019-12-17,290.6158752441406,3192.52001953125,12.289999961853027
2019-12-18,290.634033203125,3191.139892578125,12.579999923706055
2019-12-19,291.8253173828125,3205.3701171875,12.5
2019-12-20,293.104736328125,3221.219970703125,12.510000228881836
2019-12-23,293.5525817871094,3224.010009765625,12.609999656677246
2019-12-24,293.56170654296875,3223.3798828125,12.670000076293945
2019-12-26,295.1243896484375,3239.909912109375,12.649999618530273
2019-12-27,295.0512390136719,3240.02001953125,13.430000305175781
2019-12-30,293.4246520996094,3221.2900390625,14.819999694824219
2019-12-31,294.1374206542969,3230.780029296875,13.779999732971191
2020-01-02,296.88812255859375,3257.85009765625,12.470000267028809
2020-01-03,294.6400451660156,3234.85009765625,14.020000457763672
2020-01-06,295.76409912109375,3246.280029296875,13.850000381469727
2020-01-07,294.9325256347656,3237.179931640625,13.789999961853027
2020-01-08,296.50445556640625,3253.050048828125,13.449999809265137
2020-01-09,298.5148620605469,3274.699951171875,12.539999961853027
2020-01-10,297.6558532714844,3265.35009765625,12.5600004196167
2020-01-13,299.7029113769531,3288.1298828125,12.319999694824219
2020-01-14,299.2459716796875,3283.14990234375,12.390000343322754
2020-01-15,299.9222412109375,3289.2900390625,12.420000076293945
2020-01-16,302.41705322265625,3316.81005859375,12.319999694824219
2020-01-17,303.3584289550781,3329.6201171875,12.100000381469727
2020-01-21,302.7643127441406,3320.7900390625,12.850000381469727
2020-01-22,302.8009338378906,3321.75,12.90999984741211
2020-01-23,303.1482238769531,3325.5400390625,12.979999542236328
2020-01-24,300.4522705078125,3295.469970703125,14.5600004196167
2020-01-27,295.63616943359375,3243.6298828125,18.229999542236328
2020-01-28,298.73419189453125,3276.239990234375,16.280000686645508
2020-01-29,298.4875183105469,3273.39990234375,16.389999389648438
2020-01-30,299.45611572265625,3283.659912109375,15.489999771118164
2020-01-31,294.0186767578125,3225.52001953125,18.84000015258789
2020-02-03,296.2027587890625,3248.919921875,17.969999313354492
2020-02-04,300.7173156738281,3297.590087890625,16.049999237060547
2020-02-05,304.1899719238281,3334.68994140625,15.149999618530273
2020-02-06,305.2135009765625,3345.780029296875,14.960000038146973
2020-02-07,303.58685302734375,3327.7099609375,15.470000267028809
2020-02-10,305.8531799316406,3352.090087890625,15.039999961853027
2020-02-11,306.3833923339844,3357.75,15.180000305175781
2020-02-12,308.3572082519531,3379.449951171875,13.739999771118164
2020-02-13,308.0282287597656,3373.93994140625,14.149999618530273
2020-02-14,308.521728515625,3380.159912109375,13.680000305175781
2020-02-18,307.7266540527344,3370.2900390625,14.829999923706055
2020-02-19,309.1979675292969,3386.14990234375,14.380000114440918
2020-02-20,307.92767333984375,3373.22998046875,15.5600004196167
2020-02-21,304.7566223144531,3337.75,17.079999923706055
2020-02-24,294.64923095703125,3225.889892578125,25.030000686645508
2020-02-25,285.7207336425781,3128.2099609375,27.850000381469727
2020-02-26,284.6698303222656,3116.389892578125,27.559999465942383
2020-02-27,271.884765625,2978.760009765625,39.15999984741211
2020-02-28,270.7424011230469,2954.219970703125,40.11000061035156
2020-03-02,282.46734619140625,3090.22998046875,33.41999816894531
2020-03-03,274.379638671875,3003.3701171875,36.81999969482422
2020-03-04,285.9126281738281,3130.1201171875,31.989999771118164
2020-03-05,276.4084167480469,3023.93994140625,39.619998931884766
2020-03-06,271.8390197753906,2972.3701171875,41.939998626708984
2020-03-09,250.60992431640625,2746.56005859375,54.459999084472656
2020-03-10,263.5777587890625,2882.22998046875,47.29999923706055
2020-03-11,250.7287139892578,2741.3798828125,53.900001525878906
2020-03-12,226.73968505859375,2480.639892578125,75.47000122070312
2020-03-13,246.122802734375,2711.02001953125,57.83000183105469
2020-03-16,219.19113159179688,2386.1298828125,82.69000244140625
2020-03-17,231.0257568359375,2529.18994140625,75.91000366210938
2020-03-18,219.32823181152344,2398.10009765625,76.44999694824219
2020-03-19,219.79432678222656,2409.389892578125,72.0
2020-03-20,210.32241821289062,2304.919921875,66.04000091552734
2020-03-23,204.94488525390625,2237.39990234375,61.59000015258789
2020-03-24,223.51356506347656,2447.330078125,61.66999816894531
2020-03-25,226.85960388183594,2475.56005859375,63.95000076293945
2020-03-26,240.10589599609375,2630.070068359375,61.0
2020-03-27,232.9541473388672,2541.469970703125,65.54000091552734
2020-03-30,240.51953125,2626.64990234375,57.08000183105469
2020-03-31,236.93450927734375,2584.590087890625,53.540000915527344
2020-04-01,226.2712860107422,2470.5,57.060001373291016
2020-04-02,231.49256896972656,2526.89990234375,50.90999984741211
2020-04-03,228.1465606689453,2488.64990234375,46.79999923706055
2020-04-06,243.47032165527344,2663.679931640625,45.2400016784668
2020-04-07,243.7184600830078,2659.409912109375,46.70000076293945
2020-04-08,251.89971923828125,2749.97998046875,43.349998474121094
2020-04-09,255.7329864501953,2789.820068359375,41.66999816894531
2020-04-13,253.39810180664062,2761.6298828125,41.16999816894531
2020-04-14,260.87152099609375,2846.06005859375,37.7599983215332
2020-04-15,255.32843017578125,2783.360107421875,40.84000015258789
2020-04-16,256.560302734375,2799.550048828125,40.11000061035156
2020-04-17,263.49139404296875,2874.56005859375,38.150001525878906
2020-04-20,258.8492126464844,2823.159912109375,43.83000183105469
2020-04-21,250.98971557617188,2736.56005859375,45.40999984741211
2020-04-22,256.560302734375,2799.31005859375,41.97999954223633
2020-04-23,256.54193115234375,2797.800048828125,41.380001068115234
2020-04-24,260.11773681640625,2836.739990234375,35.93000030517578
2020-04-27,263.8682556152344,2878.47998046875,33.290000915527344
2020-04-28,262.6548767089844,2863.389892578125,33.56999969482422
2020-04-29,269.53070068359375,2939.510009765625,31.229999542236328
2020-04-30,267.0212707519531,2912.429931640625,34.150001525878906
2020-05-01,259.9523010253906,2830.7099609375,37.189998626708984
2020-05-04,260.6693115234375,2842.739990234375,35.970001220703125
2020-05-05,263.0776672363281,2868.43994140625,33.61000061035156
2020-05-06,261.2943420410156,2848.419921875,34.119998931884766
2020-05-07,264.4472961425781,2881.18994140625,31.440000534057617
2020-05-08,268.8229064941406,2929.800048828125,27.979999542236328
2020-05-11,268.878173828125,2930.18994140625,27.56999969482422
2020-05-12,263.51898193359375,2870.1201171875,33.040000915527344
2020-05-13,258.8583068847656,2820.0,35.279998779296875
2020-05-14,261.9562072753906,2852.5,32.61000061035156
2020-05-15,263.1604919433594,2863.699951171875,31.889999389648438
2020-05-18,271.1761779785156,2953.909912109375,29.299999237060547
2020-05-19,268.3909606933594,2922.93994140625,30.530000686645508
2020-05-20,272.9502868652344,2971.610107421875,27.989999771118164
2020-05-21,271.06585693359375,2948.510009765625,29.530000686645508
2020-05-22,271.5806579589844,2955.449951171875,28.15999984741211
2020-05-26,274.9267272949219,2991.77001953125,28.010000228881836
2020-05-27,279.017333984375,3036.1298828125,27.6200008392334
2020-05-28,278.5025939941406,3029.72998046875,28.59000015258789
2020-05-29,279.7435607910156,3044.31005859375,27.510000228881836
2020-06-01,280.8741455078125,3055.72998046875,28.229999542236328
2020-06-02,283.19989013671875,3080.820068359375,26.84000015258789
2020-06-03,286.9687805175781,3122.8701171875,25.65999984741211
2020-06-04,286.2149658203125,3112.35009765625,25.809999465942383
2020-06-05,293.5505065917969,3193.929931640625,24.520000457763672
2020-06-08,297.0988464355469,3232.389892578125,25.809999465942383
2020-06-09,294.88348388671875,3207.179931640625,27.56999969482422
2020-06-10,293.2380676269531,3190.139892578125,27.56999969482422
2020-06-11,276.3331298828125,3002.10009765625,40.790000915527344
2020-06-12,279.6424560546875,3041.31005859375,36.09000015258789
2020-06-15,282.25311279296875,3066.590087890625,34.400001525878906
2020-06-16,287.6857604980469,3124.739990234375,33.66999816894531
2020-06-17,286.4907531738281,3113.489990234375,33.470001220703125
2020-06-18,286.60113525390625,3115.340087890625,32.939998626708984
2020-06-19,284.9632263183594,3097.739990234375,35.119998931884766
2020-06-22,286.79132080078125,3117.860107421875,31.770000457763672
2020-06-23,288.1116027832031,3131.2900390625,31.3700008392334
2020-06-24,280.7623291015625,3050.330078125,33.84000015258789
2020-06-25,283.7721252441406,3083.760009765625,32.220001220703125
2020-06-26,277.03216552734375,3009.050048828125,34.72999954223633
2020-06-29,281.1037902832031,3053.239990234375,31.780000686645508
2020-06-30,284.70465087890625,3100.2900390625,30.43000030517578
2020-07-01,286.6990051269531,3115.860107421875,28.6200008392334
2020-07-02,288.27777099609375,3130.010009765625,27.68000030517578
2020-07-06,292.7280578613281,3179.719970703125,27.940000534057617
2020-07-07,289.7088623046875,3145.320068359375,29.43000030517578
2020-07-08,291.92474365234375,3169.93994140625,28.079999923706055
2020-07-09,290.2628173828125,3152.050048828125,29.260000228881836
2020-07-10,293.22662353515625,3185.0400390625,27.290000915527344
2020-07-13,290.6875915527344,3155.219970703125,32.189998626708984
2020-07-14,294.4546203613281,3197.52001953125,29.520000457763672
2020-07-15,297.1597595214844,3226.56005859375,27.760000228881836
2020-07-16,296.1810607910156,3215.570068359375,28.0
2020-07-17,297.0397644042969,3224.72998046875,25.68000030517578
2020-07-20,299.4403076171875,3251.840087890625,24.459999084472656
2020-07-21,300.077392578125,3257.300048828125,24.84000015258789
2020-07-22,301.7854309082031,3276.02001953125,24.31999969482422
2020-07-23,298.1846008300781,3235.659912109375,26.079999923706055
2020-07-24,296.2642822265625,3215.6298828125,25.84000015258789
2020-07-27,298.4246520996094,3239.409912109375,24.739999771118164
2020-07-28,296.531982421875,3218.43994140625,25.440000534057617
2020-07-29,300.1789855957031,3258.43994140625,24.100000381469727
2020-07-30,299.1079406738281,3246.219970703125,24.760000228881836
2020-07-31,301.4715881347656,3271.1201171875,24.459999084472656
2020-08-03,303.5674133300781,3294.610107421875,24.280000686645508
2020-08-04,304.7400207519531,3306.510009765625,23.760000228881836
2020-08-05,306.63275146484375,3327.77001953125,22.989999771118164
2020-08-06,308.6824035644531,3349.159912109375,22.649999618530273
2020-08-07,308.90399169921875,3351.280029296875,22.209999084472656
2020-08-10,309.8273010253906,3360.469970703125,22.1299991607666
2020-08-11,307.2698059082031,3333.68994140625,24.030000686645508
2020-08-12,311.5538024902344,3380.35009765625,22.280000686645508
2020-08-13,310.9906005859375,3373.429931640625,22.1299991607666
2020-08-14,310.99981689453125,3372.85009765625,22.049999237060547
2020-08-17,311.9878234863281,3381.989990234375,21.350000381469727
2020-08-18,312.6618957519531,3389.780029296875,21.510000228881836
2020-08-19,311.3599853515625,3374.85009765625,22.540000915527344
2020-08-20,312.3294677734375,3385.510009765625,22.719999313354492
2020-08-21,313.43731689453125,3397.159912109375,22.540000915527344
2020-08-24,316.6134948730469,3431.280029296875,22.3700008392334
2020-08-25,317.7214050292969,3443.6201171875,22.030000686645508
2020-08-26,320.90679931640625,3478.72998046875,23.270000457763672
2020-08-27,321.6083984375,3484.550048828125,24.469999313354492
2020-08-28,323.6857604980469,3508.010009765625,22.959999084472656
2020-08-31,322.5133056640625,3500.31005859375,26.40999984741211
2020-09-01,325.5509033203125,3526.64990234375,26.1200008392334
2020-09-02,330.2596130371094,3580.840087890625,26.56999969482422
2020-09-03,318.8939514160156,3455.06005859375,33.599998474121094
2020-09-04,316.29034423828125,3426.9599609375,30.75
2020-09-08,307.6482849121094,3331.840087890625,31.459999084472656
2020-09-09,313.7236022949219,3398.9599609375,28.809999465942383
2020-09-10,308.2760925292969,3339.18994140625,29.709999084472656
2020-09-11,308.43316650390625,3340.969970703125,26.8700008392334
2020-09-14,312.49560546875,3383.5400390625,25.850000381469727
2020-09-15,314.07440185546875,3401.199951171875,25.59000015258789
2020-09-16,312.8280334472656,3385.489990234375,26.040000915527344
2020-09-17,310.0765380859375,3357.010009765625,26.459999084472656
2020-09-18,306.50677490234375,3319.469970703125,25.829999923706055
2020-09-21,303.09552001953125,3281.06005859375,27.780000686645508
2020-09-22,306.18231201171875,3315.570068359375,26.860000610351562
2020-09-23,299.0816650390625,3236.919921875,28.579999923706055
2020-09-24,299.8788757324219,3246.590087890625,28.510000228881836
2020-09-25,304.7268371582031,3298.4599609375,26.3799991607666
2020-09-28,309.7883605957031,3351.60009765625,26.190000534057617
2020-09-29,308.1012268066406,3335.469970703125,26.270000457763672
2020-09-30,310.43719482421875,3363.0,26.3700008392334
2020-10-01,312.43023681640625,3380.800048828125,26.700000762939453
2020-10-02,309.4638977050781,3348.419921875,27.6299991607666
2020-10-05,314.9516296386719,3408.60009765625,27.959999084472656
2020-10-06,310.47430419921875,3360.969970703125,29.479999542236328
2020-10-07,315.8785705566406,3419.43994140625,28.059999465942383
2020-10-08,318.6780700683594,3446.830078125,26.360000610351562
2020-10-09,321.5238952636719,3477.139892578125,25.0
2020-10-12,326.6964416503906,3534.219970703125,25.06999969482422
2020-10-13,324.564453125,3511.929931640625,26.06999969482422
2020-10-14,322.5250244140625,3488.669921875,26.399999618530273
2020-10-15,322.12646484375,3483.340087890625,26.969999313354492
2020-10-16,321.9317932128906,3483.81005859375,27.40999984741211
2020-10-19,317.0373840332031,3426.919921875,29.18000030517578
2020-10-20,318.3072814941406,3443.1201171875,29.350000381469727
2020-10-21,317.7047424316406,3435.56005859375,28.649999618530273
2020-10-22,319.44744873046875,3453.489990234375,28.110000610351562
2020-10-23,320.53204345703125,3465.389892578125,27.549999237060547
2020-10-26,314.60858154296875,3400.969970703125,32.459999084472656
2020-10-27,313.5240783691406,3390.679931640625,33.349998474121094
2020-10-28,302.80810546875,3271.030029296875,40.279998779296875
2020-10-29,305.8857116699219,3310.110107421875,37.59000015258789
2020-10-30,302.69696044921875,3269.9599609375,38.02000045776367
2020-11-02,306.0895690917969,3310.239990234375,37.130001068115234
2020-11-03,311.49395751953125,3369.159912109375,35.54999923706055
2020-11-04,318.45556640625,3443.43994140625,29.56999969482422
2020-11-05,324.6663513183594,3510.449951171875,27.579999923706055
2020-11-06,324.5921630859375,3509.43994140625,24.860000610351562
2020-11-09,328.67095947265625,3550.5,25.75
2020-11-10,328.18896484375,3545.530029296875,24.799999237060547
2020-11-11,330.626953125,3572.659912109375,23.450000762939453
2020-11-12,327.4194641113281,3537.010009765625,25.350000381469727
2020-11-13,331.9524841308594,3585.14990234375,23.100000381469727
2020-11-16,336.0960998535156,3626.909912109375,22.450000762939453
2020-11-17,334.28839111328125,3609.530029296875,22.709999084472656
2020-11-18,330.265380859375,3567.7900390625,23.84000015258789
2020-11-19,331.6558837890625,3581.8701171875,23.110000610351562
2020-11-20,329.3846740722656,3557.5400390625,23.700000762939453
2020-11-23,331.3591613769531,3577.590087890625,22.65999984741211
2020-11-24,336.6986389160156,3635.409912109375,21.639999389648438
2020-11-25,336.1794738769531,3629.64990234375,21.25
2020-11-27,337.1156921386719,3638.35009765625,20.84000015258789
2020-11-30,335.62335205078125,3621.6298828125,20.56999969482422
2020-12-01,339.2940368652344,3662.449951171875,20.770000457763672
2020-12-02,340.008056640625,3669.010009765625,21.170000076293945
2020-12-03,339.91522216796875,3666.719970703125,21.280000686645508
2020-12-04,342.844482421875,3699.1201171875,20.790000915527344
2020-12-07,342.14007568359375,3691.9599609375,21.299999237060547
2020-12-08,343.14105224609375,3702.25,20.68000030517578
2020-12-09,340.0636291503906,3672.820068359375,22.270000457763672
2020-12-10,339.95233154296875,3668.10009765625,22.520000457763672
2020-12-11,339.5537109375,3663.4599609375,23.309999465942383
2020-12-14,338.03338623046875,3647.489990234375,24.719999313354492
2020-12-15,342.6034851074219,3694.6201171875,22.889999389648438
2020-12-16,343.14105224609375,3701.169921875,22.5
2020-12-17,345.0599365234375,3722.47998046875,21.93000030517578
2020-12-18,343.68218994140625,3709.409912109375,21.56999969482422
2020-12-21,342.4533386230469,3694.919921875,25.15999984741211
2020-12-22,341.876220703125,3687.260009765625,24.229999542236328
2020-12-23,342.18341064453125,3690.010009765625,23.309999465942383
2020-12-24,343.5146179199219,3703.06005859375,21.530000686645508
2020-12-28,346.4656677246094,3735.360107421875,21.700000762939453
2020-12-29,345.8047180175781,3727.0400390625,23.079999923706055
2020-12-30,346.2980651855469,3732.0400390625,22.770000457763672
2020-12-31,348.0576171875,3756.070068359375,22.75
